{"mean": [0.005604152249134946, 0.00031972318339100475, 0.0039515570934256, 0.003952595155709341, 0.0021446366782006936, 0.009238408304498265, 0.005441522491349479, 0.005398615916955015, 0.005512110726643597, 0.00015294117647058982, 0.0002373702422145342, 6.539792387543397e-05, 0.0038826989619377113, 0.004013494809688577, 0.0041145328719723135, 0.004044290657439445, 0.003981660899653978, 0.003935986159169549, 0.0021373702422145344, 0.002184775086505192, 0.0022401384083044996, 0.00933252595155709, 0.009229065743944631, 0.009245328719723181], "std": [0.0496881240473027, 0.022209525807670296, 0.02456542157223902, 0.01622280002558162, 0.01889675593136527, 0.041080998717144074, 0.049579743942932235, 0.04959248113308634, 0.04953281627297579, 0.022326637774758185, 0.022313795165235094, 0.022328444315126338, 0.024549346779857095, 0.02444122937420777, 0.024387578306319033, 0.01616363480906376, 0.01610409829877161, 0.01608951019187163, 0.018898482793809214, 0.018883398634264845, 0.018843740472585153, 0.04099984953369534, 0.04097241268889727, 0.04097753778287092], "cols": ["MKT_RF", "SMB", "HML", "RMW", "CMA", "MOM", "MKT_RF_L1", "MKT_RF_L2", "MKT_RF_L3", "SMB_L1", "SMB_L2", "SMB_L3", "HML_L1", "HML_L2", "HML_L3", "RMW_L1", "RMW_L2", "RMW_L3", "CMA_L1", "CMA_L2", "CMA_L3", "MOM_L1", "MOM_L2", "MOM_L3"]}