Date,ABDN.L,ABN.AS,ACA.PA,AGN.AS,AJB.L,ALLFG.AS,ALV.DE,ASHM.L,AT1.DE,AV.L,AZM.MI,BALD-B.ST,BAMI.MI,BARC.L,BBOX.L,BBVA.MC,BEZ.L,BLND.L,BMED.MI,BNP.PA,BPE.MI,BPT.L,CABK.MC,CAST.ST,CBG.L,CBK.DE,CHRY.L,COL.MC,CORE-B.ST,CREI.L,CS.PA,CSN.L,DBK.DE,EMG.L,EQT.ST,ESP.L,FABG.ST,FBK.MI,FCH.L,FOXT.L,G.MI,GLE.PA,GPE.L,GRI.L,GROW.L,HSBA.L,HSX.L,ICG.L,III.L,INGA.AS,INTRUM.ST,INVE-B.ST,INVP.L,IPO.L,ISP.MI,IWG.L,JUP.L,KINV-B.ST,LAND.L,LGEN.L,LI.PA,LLOY.L,LMP.L,LOGI-B.ST,LSEG.L,MAP.MC,MRL.MC,N91.L,NDA-FI.HE,NDA-SE.ST,NN.AS,NRR.L,NWG.L,OSB.L,PCTN.L,PHNX.L,PHP.L,PRSR.L,PRU.L,QLT.L,SAB.MC,SAN.MC,SDR.L,SEB-A.ST,SGRO.L,SHB-A.ST,SHC.L,SOHO.L,SRE.L,SREI.L,SREN.SW,SSIT.L,STJ.L,STOR-B.ST,SUPR.L,SWED-A.ST,TCAP.L,THRL.L,UBSG.SW,UCG.MI,UNI.MC,UTG.L,VEFAB.ST,VNA.DE,WALL-B.ST,YCA.L
2013-01-31,0.00816828,0.00000000,0.14645665,-0.00162078,0.00000000,0.00000000,-0.02723918,-0.03772573,0.00000000,-0.03980109,0.15535723,0.12467537,0.17444517,0.09216251,0.00000000,0.01844140,0.02399578,-0.01993965,0.16111111,0.03936119,0.16906468,0.00000000,0.07071843,0.00213687,0.12585409,0.08322146,0.00000000,-0.05875594,0.00000000,0.00000000,-0.01230983,0.11340254,0.11855971,0.04922913,0.00000000,0.00000000,0.04589925,0.00000000,0.00000000,0.00000000,-0.02013888,0.11474045,-0.01954896,0.06843458,0.00000000,0.07661057,0.03470870,0.06827809,0.17762908,0.02293275,0.06459946,0.05000018,0.07769467,0.02819239,0.09236363,0.05630003,0.12052322,0.05543537,-0.02548517,0.02557205,-0.04566357,0.03964592,0.00913211,0.00000000,0.08176126,-0.09123681,0.00000000,0.00000000,0.09395974,0.09609359,0.00000000,-0.00246315,0.02722920,0.00000000,0.00694429,0.19903872,0.01724112,0.00000000,0.06267333,0.00000000,-0.02084375,-0.00075698,0.10005699,0.12334809,-0.01507972,0.09565969,-0.03354610,0.00000000,0.00000000,-0.03821615,0.00073894,0.00000000,0.08887852,0.00000000,0.00000000,0.15562410,-0.06249953,0.00000000,0.06262610,0.23532483,0.00000000,-0.01792448,0.00000000,0.00000000,-0.00126053,0.00000000
2013-02-28,0.01996504,0.00000000,-0.01098895,-0.07021135,0.00000000,0.00000000,-0.00616985,0.00336044,0.00000000,-0.02699762,-0.05796000,0.10161667,-0.15830605,0.02004372,0.00000000,0.01447110,0.10589768,0.00978602,-0.07525014,-0.06719347,-0.15384644,0.00000000,0.08083934,0.03624713,0.05614562,-0.12453529,0.00000000,-0.36719696,0.00000000,0.00000000,-0.02456003,0.07407381,-0.08165390,0.13397384,0.00000000,0.00000000,0.02877704,0.00000000,0.00000000,0.00000000,-0.11977333,-0.11615307,0.01192217,0.09207423,0.00000000,0.02051051,0.10126580,0.10548653,0.21732451,-0.17331169,0.12621365,0.04927979,0.03788732,0.07177411,-0.17243667,0.12859565,0.03288248,0.00613940,0.03300093,0.05052519,0.08347656,0.05439395,-0.01719435,0.00000000,0.10797312,0.09775452,0.00000000,0.00000000,0.08834354,0.06699933,0.00000000,-0.02469125,-0.05651034,0.00000000,0.10366028,0.00859345,-0.01059312,0.00000000,0.02453038,0.00000000,-0.15509390,-0.05955690,0.02945712,0.05647063,0.03102350,0.08115357,0.09545433,0.00000000,0.00000000,0.05322377,0.10627264,0.00000000,0.05160859,0.00000000,0.00000000,0.03666665,0.16583310,0.00000000,-0.06020280,-0.18166532,0.00000000,0.01825163,0.00000000,0.00000000,0.07886468,0.00000000
2013-03-31,0.03631213,0.00000000,-0.10750015,0.02378919,0.00000000,0.00000000,0.01193885,-0.02304913,0.00000000,-0.16961180,0.03527496,-0.03773581,-0.23877714,-0.05162883,0.00000000,-0.08989366,0.02909264,-0.04217573,0.00799602,-0.07110519,0.00181847,0.00000000,-0.14280808,-0.00499855,0.00780048,-0.18966741,0.00000000,-0.15860756,0.00000000,0.00000000,0.00789156,0.01293119,-0.13322899,-0.11116656,0.00000000,0.00000000,-0.02638366,0.00000000,0.00000000,0.00000000,-0.02254411,-0.12852788,0.00731269,-0.00439875,0.00000000,-0.03935793,0.05386502,0.08237349,-0.01373271,-0.10084425,0.08620693,-0.00686005,-0.04255320,0.12340113,-0.08125505,0.18965528,-0.02510924,0.07050832,-0.00051284,0.07870047,-0.02637031,-0.10611342,-0.02394106,0.00000000,-0.02098929,-0.03289232,0.00000000,0.00000000,0.02231673,-0.00970324,0.00000000,0.01772158,-0.14942845,0.00000000,0.00000000,0.03485684,-0.05470253,0.00000000,0.08532198,0.00000000,-0.12985585,-0.09791768,0.05838183,0.01209700,-0.00588005,0.03057263,0.02715955,0.00000000,0.04761900,0.06918255,0.03002026,0.00000000,0.04312126,0.00000000,0.00000000,0.01599792,-0.07362391,0.01219515,-0.01888063,-0.14439876,0.00000000,0.10651567,0.00000000,0.00000000,-0.00818742,0.00000000
2013-04-30,0.02498920,0.00000000,0.08169920,0.06821561,0.00000000,0.00000000,0.05757433,0.14057180,0.00000000,0.03004730,0.11885901,0.01960786,0.11337090,-0.01751638,0.00000000,0.11001416,0.07570676,0.09383680,0.19342043,0.05669344,0.16696913,0.00000000,0.06477289,0.04525884,-0.01235734,-0.10786015,0.00000000,0.09425285,0.00000000,0.00000000,0.06002999,0.01854358,0.14778896,0.14725911,0.00000000,0.00000000,0.05105131,0.00000000,0.00000000,0.00000000,0.14744632,0.07608284,0.07279686,0.00147254,0.00000000,0.00142350,-0.09220003,-0.00165393,0.03987345,0.12551903,0.09905826,0.05323708,-0.00871481,0.03817815,0.20577932,0.03213626,0.00885198,0.07219774,0.05367871,-0.01820844,0.10200668,0.11583488,0.08018890,0.00000000,0.02679918,0.15512242,0.00000000,0.00000000,0.03319975,0.05216825,0.00000000,0.03980107,0.11179654,0.00000000,0.10000022,-0.04977977,0.00604244,0.00000000,0.03755869,0.00000000,0.11058726,0.07666302,0.10768529,0.01604268,0.04758126,0.05709165,0.13110548,0.00000000,-0.01948057,-0.05294116,0.05706291,0.00000000,0.09069230,0.00000000,0.00000000,0.07624872,-0.05629511,0.00481938,0.14089343,0.18918907,0.00000000,0.08359188,0.00000000,0.00000000,0.06708751,0.00000000
2013-05-31,0.04970589,0.00000000,0.04977727,0.07329374,0.00000000,0.00000000,0.11010686,-0.00250505,0.00000000,0.09406732,0.07515217,0.12713664,0.05205460,0.12029749,0.00000000,-0.01668955,0.05211581,0.02438994,0.02433067,0.10680617,0.01399685,0.00000000,-0.01102843,0.02989715,-0.04523586,-0.20900640,0.00000000,0.17226906,0.00000000,0.00000000,0.15494300,0.07105548,0.05539561,0.13013696,0.00000000,0.00000000,0.05214283,0.00000000,0.00000000,0.00000000,0.05161774,0.13494699,0.04144943,0.13602915,0.00000000,0.03192970,-0.01158637,0.10795454,0.03712712,0.16046225,0.04681656,0.00523563,0.02241796,-0.10903230,0.09667485,0.02455749,-0.01361556,0.11812117,0.06868963,0.05604741,0.03105588,0.14319885,0.00087312,0.00000000,0.04847146,0.00143654,0.00000000,0.00000000,0.05983394,0.05859629,0.00000000,0.02392326,0.09892270,0.00000000,0.05698964,0.01970063,-0.03303327,0.00000000,0.01085963,0.00000000,-0.07853144,0.00892372,0.01413278,0.04661670,0.04879924,-0.02683447,0.06269244,0.00000000,0.27152307,0.06855630,-0.04462448,0.00000000,0.06046930,0.00000000,0.00000000,-0.00188121,0.20286295,0.01438834,0.05592068,0.13320452,0.00000000,0.03852774,0.00000000,0.00000000,0.01457437,0.00000000
2013-06-30,-0.11990842,0.00000000,-0.09510772,-0.02300396,0.00000000,0.00000000,-0.06263035,-0.13686605,0.00000000,0.01737587,-0.04505124,-0.08056869,-0.21484385,-0.13106587,0.00000000,-0.11066641,-0.02624880,-0.06978623,-0.07841246,-0.07391055,-0.31472384,0.00000000,-0.15071921,-0.08908932,-0.01058479,-0.17103966,0.00000000,0.01433681,0.00000000,0.00000000,-0.03422892,-0.02439052,-0.10866238,-0.27965347,0.00000000,0.00000000,-0.10454874,0.00000000,0.00000000,0.00000000,-0.07128033,-0.14452378,-0.04061376,-0.06404216,0.00000000,-0.06047671,0.02705138,-0.07043045,-0.00923006,-0.03207960,-0.01610033,-0.06093761,-0.11070568,-0.03910201,-0.15627142,-0.06257457,-0.11134983,-0.02826441,-0.05294694,-0.04245822,-0.08795161,0.01690554,-0.09483447,0.00000000,-0.04907572,-0.07796504,0.00000000,0.00000000,-0.10454808,-0.08759132,0.00000000,0.00279037,-0.18746296,0.00000000,-0.01075244,-0.01700174,0.01863370,0.00000000,-0.03760074,0.00000000,-0.12371156,-0.11516223,-0.07812503,-0.07902298,-0.00071645,-0.06038378,-0.00091634,0.00000000,0.04166660,-0.01162749,-0.00495394,0.00000000,-0.08085102,0.00000000,0.00000000,-0.03391949,0.08466546,0.00472823,-0.05467392,-0.18115626,0.00000000,0.00249184,0.00000000,0.00000000,-0.02928206,0.00000000
2013-07-31,0.09719406,0.00000000,0.08708200,0.12765175,0.00000000,0.00000000,0.04409786,0.07855702,0.00000000,0.09393405,0.20800558,0.07731959,0.05804319,0.03393795,0.00000000,0.12144985,-0.04117864,0.05484162,0.19747873,0.15866551,0.00492362,0.00000000,0.19570090,0.02197809,0.06469705,-0.04031045,0.00000000,0.04063614,0.00000000,0.00000000,0.09804564,0.03299988,0.05442365,-0.03485606,0.00000000,0.00000000,0.11372275,0.00000000,0.00000000,0.00000000,0.10357683,0.14450767,0.04609590,0.20332007,0.00000000,0.09648062,0.14135191,0.11818794,0.13566343,0.09714259,0.20727287,0.08818633,0.06220727,0.09344391,0.15840774,0.17736802,0.12046967,0.14485160,0.07352974,0.12543773,0.07628781,0.08407237,0.09450356,0.00000000,0.17741282,0.09912081,0.00000000,0.00000000,0.11091660,0.10066668,0.00000000,0.13053595,0.16124309,0.00000000,0.07065194,0.15172969,0.03353655,0.00000000,0.08558165,0.00000000,0.20627527,0.15520949,0.12459910,0.12246483,0.11318102,0.09955395,0.10366940,0.00000000,-0.09999995,0.05294105,0.04836423,0.00000000,0.14444443,0.00000000,0.00000000,0.02210697,0.04357362,0.00000000,0.13370661,0.13729879,0.00000000,0.07787869,0.00000000,0.03418825,0.02845772,0.00000000
2013-08-31,-0.12681257,0.00000000,0.06505968,-0.05119000,0.00000000,0.00000000,-0.07508524,-0.09981117,0.00000000,0.04118458,-0.03846145,-0.01913879,0.12434692,-0.01576918,0.00000000,0.01433011,-0.09750568,-0.06610889,-0.07368386,-0.02508451,0.19821816,0.00000000,0.01370815,-0.02419350,-0.00765520,0.36838831,0.00000000,-0.01867562,0.00000000,0.00000000,-0.00542990,0.01548890,-0.03377064,0.01452191,0.00000000,0.00000000,-0.06058541,0.00000000,0.00000000,0.00000000,-0.02093188,0.09597887,-0.04046756,-0.01092020,0.00000000,-0.09593505,-0.00758595,-0.10014395,-0.06494506,0.06966145,-0.02710853,-0.02650346,-0.06442060,-0.08821521,0.04137473,-0.04481643,0.02628508,0.05182938,-0.06954734,-0.03150282,-0.07916548,0.05958798,-0.04933959,0.00000000,-0.00889479,-0.07309141,0.00000000,0.00000000,-0.06988954,-0.06541474,0.00000000,-0.03092785,0.05069263,0.00000000,0.02552700,0.02184267,0.00000000,0.00000000,-0.07616964,0.00000000,0.13393946,-0.02803106,-0.05777899,-0.05420423,-0.06048900,-0.03918881,-0.11968679,0.00000000,-0.01111111,0.01689798,-0.03120770,0.00000000,-0.03954287,0.00000000,0.00000000,-0.04580185,0.02643424,-0.00687239,-0.01151949,0.04545442,0.00000000,-0.08250050,0.00000000,0.03305775,-0.05146673,0.00000000
2013-09-30,0.04303144,0.00000000,0.06618704,0.01371403,0.00000000,0.00000000,0.07195565,0.16961349,0.00000000,0.02585276,0.03938469,0.02439032,0.02230487,0.01435320,0.00000000,0.15775459,0.05376886,0.03494666,0.01704533,0.05451854,-0.01394019,0.00000000,0.15444877,0.00991705,0.12728967,-0.03251476,0.00000000,0.03806227,0.00000000,0.00000000,0.03882314,0.02597117,0.03601943,0.03007985,0.00000000,0.00000000,0.02898539,0.00000000,0.00000000,0.01123607,0.01724147,0.11218465,0.01030939,0.01568878,0.00000000,-0.00976324,0.00542624,0.02010965,0.01478351,0.01655539,0.06501536,0.02094230,-0.02579059,0.07331845,0.02693584,0.02889236,0.10177160,0.07487914,0.04085752,0.05032087,0.06797725,0.01419724,0.11214102,0.00000000,-0.01474329,0.03805441,0.00000000,0.00000000,0.00564959,0.00453653,0.00000000,0.01702143,0.07851392,0.00000000,0.01485176,-0.00432334,-0.03217867,0.00000000,0.06771812,0.00000000,0.14558662,0.12883929,0.11370558,0.00073476,0.06182476,-0.03340400,0.05445379,0.00000000,0.16853963,0.02197811,0.04761895,0.00000000,0.03622554,0.00000000,0.00000000,-0.00200002,0.01316935,0.00000000,0.02663727,0.10144920,0.00000000,0.10276435,0.00000000,0.01333325,0.02683779,0.00000000
2013-10-31,0.01910825,0.00000000,0.09152271,0.07202893,0.00000000,0.00000000,0.06626513,0.03638201,0.00000000,0.13195636,0.10775567,0.09047612,0.33272747,-0.00715601,0.00000000,0.04467270,0.09108245,0.07718128,0.19366847,0.09079993,0.33553257,0.00000000,0.19881014,0.08456080,0.08236731,0.11269093,0.00000000,0.12666642,0.00000000,0.00000000,0.07445258,0.08550162,0.04979373,0.06078694,0.00000000,0.00000000,0.05070433,0.00000000,0.00000000,0.18055539,0.16745774,0.13548757,0.06307975,0.11269996,0.00000000,0.01906253,0.02004641,0.07414875,0.02556375,0.12357773,0.00290706,0.06769241,0.09040959,0.03521114,0.20065551,0.12692325,0.08637592,0.07325859,0.07562592,0.10244683,0.03213749,0.05368302,0.07499975,0.00000000,0.06831492,0.12018141,0.00000000,0.00000000,0.06404507,0.07096791,0.00000000,0.08159010,0.02139466,0.00000000,0.04390263,0.04429500,-0.01219529,0.00000000,0.11120777,0.00000000,0.01558198,0.11006753,0.00116420,0.15271639,0.05419335,0.06802511,0.03522361,0.00000000,-0.05769238,0.04301068,0.06550798,0.00000000,0.09918730,0.00000000,0.00000000,0.12892460,-0.08130147,0.01673402,-0.05081108,0.17572168,0.00000000,0.00282899,0.00000000,0.01052634,0.02329574,0.00000000
2013-11-30,-0.00170467,0.00000000,0.03742815,0.11510953,0.00000000,0.00000000,0.03188046,-0.02567317,0.00000000,-0.04408843,0.00641393,0.04803500,-0.04706697,0.03076960,0.00000000,0.01912184,0.07954549,-0.01768508,0.03679030,0.01301827,-0.00635162,0.00000000,-0.01377406,-0.00251499,0.06561262,0.15534903,0.00000000,0.02810668,0.00000000,0.00000000,0.04809793,0.01369866,-0.00392931,-0.00337085,0.00000000,0.00000000,0.01206446,0.00000000,0.00000000,-0.10431364,-0.01974465,0.01231465,0.01576725,0.03341937,0.00000000,-0.00029323,0.02494319,-0.11366006,-0.00830882,0.01865087,-0.03188408,0.02929893,-0.01122337,0.30612230,-0.02785337,-0.02974167,-0.02282398,0.07998309,-0.03591329,-0.01109559,0.03295028,-0.00167687,0.00775232,0.00000000,-0.00913532,-0.01383271,0.00000000,0.00000000,0.00263991,0.02108432,0.00000000,0.05802661,-0.10990213,0.00000000,0.00481168,-0.08740346,0.02469152,0.00000000,0.02189191,0.00000000,0.00370422,0.00061211,-0.04381528,0.01401276,0.02356177,0.03814687,-0.04671262,0.00000000,0.02040793,0.01559391,0.01191974,0.00000000,-0.05325471,0.00000000,0.00000000,-0.00887565,0.05345924,-0.01398589,-0.01594520,-0.03610096,0.00000000,0.00429328,0.00000000,0.00000000,0.01998887,0.00000000
2013-12-31,0.02333553,0.00000000,0.00812568,0.04939574,0.00000000,0.00000000,0.01955427,0.01852790,0.00000000,0.04751930,0.05310678,0.10000000,-0.00214757,0.00092023,0.01361368,0.01751178,0.10080974,0.02945977,-0.03669740,0.02533910,-0.01420442,0.00000000,0.01718591,0.00958158,0.01780413,0.07038389,0.00000000,-0.16259004,0.00000000,0.00000000,0.04796456,0.08699324,-0.02296426,-0.04171365,0.00000000,0.00000000,0.01721855,0.00000000,0.00000000,0.16462344,0.01303305,-0.00271639,0.02920979,0.01400370,0.00000000,-0.02859608,0.02507373,-0.01161200,0.04100107,0.05670644,0.07784453,0.03266417,0.01393064,-0.11562478,0.00786493,0.09145730,-0.01180717,0.15509901,0.01109972,0.04114046,-0.01419365,0.01912123,0.06413095,0.00000000,0.06521803,0.08318183,0.00000000,0.00000000,0.02264338,0.02241884,0.00000000,0.08775152,0.03331287,0.00000000,0.04186035,0.02464768,0.06325272,0.00000000,0.02524849,0.00000000,-0.00052721,-0.00565510,0.05352801,0.06532679,-0.00149468,0.03674540,-0.00423448,0.00000000,0.15000012,0.01522829,0.01735916,0.00000000,0.13749999,0.00000000,0.00000000,0.08059669,0.12388021,-0.00709217,-0.02083338,0.00749033,0.00000000,0.01232083,0.00000000,-0.06249993,0.05879132,0.00000000
2014-01-31,0.01668493,0.00000000,0.07329389,-0.05464901,0.00000000,0.00000000,-0.05024932,-0.18913506,0.00000000,-0.01045148,0.08320706,0.05681818,-0.08608308,0.00202239,0.02319936,-0.00983440,-0.06031627,0.04383321,0.01507940,0.01412194,0.01080706,0.00000000,0.20116145,0.04495502,-0.03352766,0.07813832,0.00000000,0.06701040,0.00000000,0.00000000,-0.03513099,0.07226112,0.03503972,-0.03882351,0.00000000,0.00000000,0.08268190,0.00000000,0.00000000,0.05473693,-0.06140341,-0.00331603,0.00918182,0.04367018,0.00000000,-0.05344230,-0.08201428,-0.01523808,-0.03038175,-0.02574253,0.02777757,-0.04112062,-0.10420495,0.03415787,0.12040143,-0.03545134,-0.02909081,-0.13662315,0.06798092,-0.03322840,-0.04467865,0.05603482,-0.00361582,0.00000000,0.06174258,-0.01606153,0.00000000,0.00000000,0.02265703,0.01211776,0.00000000,-0.04182851,0.00561986,0.00000000,0.04464270,0.00962242,0.01133152,0.00000000,-0.08358200,0.00000000,0.15664594,0.00772701,-0.05042340,-0.00235860,0.00928131,-0.01392415,0.08049799,0.00000000,-0.00869572,0.08000016,-0.04448512,0.00000000,0.05769231,0.00000000,0.00000000,-0.05359096,-0.11819359,-0.03333364,0.06323882,0.03717489,0.00000000,0.01788350,0.00000000,0.05833347,0.03033416,0.00000000
2014-02-28,0.06673956,0.00000000,0.15349978,0.00647472,0.00000000,0.00000000,0.04765749,-0.02704384,0.00000000,0.06426970,0.12616409,0.18279570,0.25196235,-0.07473858,0.00238638,0.01523696,0.03408537,0.06169085,0.04612963,0.03498662,0.20384858,0.00000000,0.00439557,0.07361355,0.10558085,0.04079207,0.00000000,0.47665071,0.00000000,0.00000000,-0.02871791,0.02028996,-0.01811086,0.26927768,0.00000000,0.00000000,0.07155738,0.00000000,0.00000000,0.13715399,0.01495324,0.14959577,0.06699741,0.15561872,0.00000000,0.00430595,0.02194370,0.08824960,0.12747708,0.07418672,0.01081082,0.07681424,0.13443877,0.22152602,0.11741306,0.11312673,0.16853923,-0.03227055,0.05539391,0.11658139,0.02672485,-0.00924390,0.04862188,0.00000000,0.10163050,-0.02056784,0.00000000,0.00000000,0.04531744,0.04732035,0.00000000,0.00384427,-0.03558841,0.00000000,-0.01696986,0.02110226,0.00280118,0.00000000,0.10342037,0.00000000,0.09165491,0.02433676,0.09971607,0.06560302,0.05873625,0.07509655,0.05819493,0.00000000,0.05263166,-0.01377447,0.04846932,0.00000000,0.13636340,0.00000000,0.00000000,0.05662558,0.00903615,0.00261233,0.04891588,0.03315402,0.00000000,0.09468025,0.00000000,0.03254578,0.05788424,0.00000000
2014-03-31,-0.03205121,0.00000000,-0.00651042,0.02052398,0.00000000,0.00000000,-0.05397075,0.04847377,0.00000000,0.00717906,0.07069034,-0.04848487,0.30667783,-0.07417684,0.01547649,-0.01213058,0.00000000,-0.06159916,0.02391642,-0.05835833,0.08348138,0.00000000,0.03338694,-0.00260244,-0.03672301,0.01484034,0.00000000,0.13304241,0.00000000,0.01196185,-0.00395987,-0.12784112,-0.07846221,-0.02410802,0.00000000,0.00000000,-0.01828301,0.00000000,0.00000000,-0.09854544,-0.00675238,-0.07586534,-0.02170509,-0.01952826,0.00000000,-0.03507850,-0.06888491,-0.08087120,-0.05486932,-0.02790903,-0.05561484,0.02494553,0.09017321,-0.03123548,0.09528047,-0.05488860,-0.08241751,-0.03977506,-0.05978567,-0.14850254,-0.01694933,-0.09548035,-0.01937741,0.00000000,-0.02812026,0.01999958,0.00000000,0.00000000,0.02901741,0.00412841,0.00000000,-0.04195745,-0.05153996,0.00000000,-0.01304327,-0.12066661,-0.03605098,0.00000000,-0.06363517,0.00000000,-0.05507743,0.05406663,-0.04223418,0.03118170,-0.06949645,0.02190339,-0.07013790,0.00000000,0.09999970,-0.03286400,-0.00304130,0.00000000,-0.05714279,0.00000000,0.00000000,0.01546968,-0.15850746,0.00491431,-0.03232626,0.15004337,0.00000000,-0.03254529,0.00000000,0.05287241,0.00094350,0.00000000
2014-04-30,0.01272833,0.00000000,-0.00786387,-0.01921042,0.00000000,0.00000000,0.01752223,0.05573956,0.00000000,0.10188784,-0.13320453,0.06050958,-0.05956892,0.08054826,0.02344642,0.01456759,-0.07121235,0.05581039,-0.05547445,-0.03357771,-0.09453557,0.00000000,-0.05995715,0.02788094,-0.01133118,-0.03974510,0.00000000,0.16021377,0.00000000,0.00118207,-0.00477087,0.07366716,-0.02201664,-0.02588455,0.00000000,0.00000000,0.07997619,0.00000000,0.00000000,-0.11500816,0.04017286,0.00212503,-0.00633918,-0.11410801,0.00000000,-0.00559628,0.03519064,0.07227516,-0.04548875,-0.00389308,0.09905871,0.07386851,0.07570140,-0.17228101,0.00000000,-0.05161167,-0.03122228,-0.04393310,0.04015624,0.03502138,0.06736250,0.00951102,-0.02399427,0.00000000,-0.08020326,-0.00816970,0.00000000,0.00000000,0.00878915,0.02342050,0.00000000,0.07664175,-0.03922835,0.00000000,0.08810563,0.03603738,0.03768118,0.00000000,0.07094985,0.00000000,0.09753985,0.05281829,-0.01616619,0.00787862,0.05391556,0.00461813,-0.04657161,0.00000000,-0.00757547,0.03895933,0.03921550,0.00000000,-0.06655073,0.00000000,0.00000000,-0.00575693,0.12811117,0.00244469,0.00766689,-0.02865747,0.00000000,-0.02642251,0.00000000,0.00434584,0.02084214,0.00000000
2014-05-31,0.04657240,0.00000000,0.03849595,-0.00893102,0.00000000,0.00000000,0.04036663,0.00827633,0.00000000,-0.00285452,-0.07238821,0.05705701,-0.04649603,-0.02058017,-0.02061836,0.06319936,-0.00244698,0.03548135,-0.00148885,-0.02254979,-0.01025941,0.00000000,0.01640082,0.04068693,-0.04942692,-0.09058958,0.00000000,-0.08208952,0.00000000,0.01770946,0.00807139,-0.01213961,-0.04069094,0.01775787,0.00000000,0.00000000,0.03675275,0.00000000,0.00000000,0.03709540,0.01463366,-0.03419210,0.03836359,0.01639381,0.00000000,0.04164707,-0.03611915,-0.05748489,0.13717759,0.00390830,0.10738943,0.07815976,-0.00767006,0.04069771,0.02173181,-0.07942587,0.03374579,0.22077016,0.00565006,0.08687449,0.07777285,0.03317410,0.04844541,0.00000000,0.08057404,-0.01285018,0.00000000,0.00000000,0.04646653,0.05055887,0.00000000,0.06779659,0.15997344,0.00000000,0.00012423,-0.04831624,-0.01745813,0.00000000,0.01987489,0.00000000,-0.01061226,0.04981148,0.01173701,0.01451675,0.05601629,0.04229245,0.01261592,0.00000000,0.00000000,0.00000000,0.03643475,0.00000000,0.01623370,0.00000000,0.00000000,0.03068906,-0.08839272,0.00990467,-0.00925421,0.01000147,0.00000000,-0.00165673,0.00000000,0.07392106,0.08184384,0.00000000
2014-06-30,-0.06475000,0.00000000,-0.10004374,0.00157144,0.00000000,0.00000000,-0.02170413,0.04726873,0.00000000,-0.02576347,-0.06274917,0.02840911,-0.14982341,-0.13846158,-0.01988304,-0.01010199,0.03393303,-0.01748242,-0.10563904,-0.03552664,-0.11404727,0.00000000,0.02140627,0.02953977,-0.03692529,-0.01416926,0.00000000,-0.05365843,0.00000000,0.02436188,-0.03616798,-0.01536072,-0.09338354,0.04885316,0.00000000,0.00000000,0.00052890,0.00000000,0.00000000,-0.08972417,-0.03612294,-0.09487749,-0.01075260,-0.03130898,0.00000000,-0.05769233,0.03894202,-0.06593110,-0.06915972,-0.00146001,-0.04272675,-0.04531613,0.04154577,0.11620111,-0.08218060,-0.05561337,-0.00448565,0.07269290,-0.02988740,-0.02085152,0.04492475,-0.04636526,-0.06804923,0.00000000,0.02502554,-0.00226948,0.00000000,0.00000000,-0.04902861,-0.04457942,0.00000000,-0.02222184,-0.05251024,-0.04335249,-0.01214559,-0.00153860,-0.02416518,0.00000000,-0.03211816,0.00000000,0.02805264,0.01408832,-0.03093603,-0.01706084,-0.06576493,-0.03822395,-0.03610534,0.00000000,0.04580165,-0.02336423,-0.00941629,0.00000000,-0.02619814,0.00000000,0.00000000,-0.00449448,-0.08695608,0.01207687,-0.09510554,-0.04378442,0.00000000,-0.06590795,0.00000000,-0.00509253,-0.03304350,0.00000000
2014-07-31,0.00187138,0.00000000,-0.01747586,-0.04487010,0.00000000,0.00000000,0.02629421,-0.04108082,0.00000000,-0.01371180,0.02656735,-0.03038672,-0.03408143,0.06062032,-0.00460145,-0.00110934,-0.03349412,0.00080725,0.01243301,-0.00090822,-0.03787898,0.00000000,-0.00177489,-0.02109697,-0.00547740,-0.05705582,0.00000000,-0.01546393,0.00000000,-0.01698752,-0.01518190,-0.03276135,-0.00058401,0.13117890,0.00000000,0.00000000,0.00052884,-0.01999996,0.00000000,-0.10389613,-0.02373520,-0.01829808,-0.00776422,0.02331079,0.00000000,0.07336808,-0.04596899,0.03201832,-0.06071200,-0.05019494,0.06068209,-0.00678096,-0.04518537,-0.09259264,-0.01152487,-0.04292781,-0.04180215,0.00772481,0.00675689,0.03992907,-0.04997973,0.00000000,0.04367086,0.00000000,-0.03427701,-0.00996236,0.02383414,0.00000000,-0.01945522,-0.01590671,-0.00987742,-0.03409120,0.08191237,0.02416925,0.01229492,0.07858261,-0.00801124,0.00000000,0.01976106,0.00000000,-0.02327448,0.00950522,-0.04628874,0.03807389,0.03679027,0.02017746,-0.01473765,0.00000000,0.01468665,-0.00466608,-0.01837761,0.00000000,-0.04658774,0.00000000,0.00000000,0.00056445,-0.06311477,0.00238673,-0.03687773,-0.04170048,0.00000000,0.03197941,0.00000000,0.06607713,0.02877720,0.00000000
2014-08-31,0.02561337,0.00000000,0.11511867,0.00717348,0.00000000,0.00000000,0.03923130,-0.00789199,0.00000000,0.03475649,0.02536261,0.10256410,0.02151464,-0.00549339,0.02637869,-0.00097639,0.03109657,0.03911819,-0.00789452,0.03797993,0.00551177,0.00000000,0.01755964,-0.01724161,0.06451610,0.06420341,0.00000000,0.01745203,0.00000000,0.01394302,0.09656779,0.07096731,0.01401871,-0.00399113,0.00000000,0.00000000,-0.02854117,0.01020411,0.00000000,-0.05499815,-0.00447847,0.02662757,0.02738679,-0.03486758,0.00000000,0.02461025,-0.03769517,0.01265824,0.04158970,0.07388424,0.02458623,0.04016050,0.06608361,0.18091563,0.01524657,-0.00632560,-0.01897124,-0.01184662,0.03739190,0.03126702,0.02531464,0.02720520,-0.00354637,0.00000000,0.05417944,-0.01006244,0.01153855,0.00000000,-0.01636897,-0.01831904,0.05629426,0.03865519,0.02110875,0.17994103,0.00821981,0.05857148,0.02496323,0.00000000,0.06042916,0.00000000,-0.01561210,0.00569725,0.01935362,-0.01564186,0.03422275,-0.01828003,0.04206933,0.00000000,-0.02517963,0.02403843,-0.02840544,0.00000000,-0.01295744,0.00000000,0.00000000,0.00394810,0.09116629,-0.00223838,0.05041471,0.00511927,0.00000000,0.07722586,0.00000000,-0.00261894,0.00437047,0.00000000
2014-09-30,0.07819199,0.00000000,0.05848459,0.08577129,0.00000000,0.00000000,-0.01117092,-0.12500014,0.00000000,0.00479842,0.01110546,-0.05167963,-0.02021893,0.01336599,0.00700974,0.04567320,0.08174607,-0.03833019,-0.00618923,0.02218760,-0.01331242,0.00000000,0.06399031,-0.03684205,0.05764956,0.02777768,0.00000000,-0.03945108,0.00000000,-0.03636355,0.03501325,0.06947246,0.06662846,0.00253180,0.00000000,0.00000000,-0.00054420,0.07020216,0.00000000,-0.15438400,0.07069404,0.04837233,-0.02589473,-0.10645469,0.00000000,-0.03972395,-0.02927604,-0.03627415,-0.02517810,0.08074533,-0.06137517,-0.01467168,-0.05195994,-0.04624001,0.06272083,-0.01786903,-0.05299598,-0.08074750,-0.03966986,-0.05295832,-0.04358618,0.00786697,-0.01067577,0.00000000,-0.00738692,-0.01717467,0.00560335,0.00000000,0.03782137,0.03073555,0.03328101,-0.04193354,0.01488433,0.00000000,0.02811253,-0.01719482,-0.04987461,0.00000000,-0.05103443,0.00000000,-0.02170288,0.00276723,-0.01847263,0.05643829,-0.01891337,0.03632497,-0.01703040,0.00000000,-0.07011057,0.07042244,0.01196022,0.00000000,0.01813121,0.00000000,0.00000000,0.02078650,-0.00924205,-0.01193332,0.01215074,0.06281848,0.00000000,-0.03082189,0.00000000,0.00568940,-0.04873802,0.00000000
2014-10-31,-0.04995190,0.00000000,-0.01255746,-0.00581729,0.00000000,0.00000000,-0.01285557,0.03441559,0.00000000,-0.00466199,-0.06939589,0.04632157,-0.00773875,0.05869423,0.01160087,-0.06732290,-0.03888478,0.03711307,-0.04537380,-0.04531604,-0.03650808,0.00000000,-0.09749026,0.03096544,0.02330450,0.01478040,0.00000000,0.00357134,0.00000000,0.02358523,-0.05638141,-0.02957720,-0.10423054,0.04208742,0.00000000,0.00990101,0.03048457,-0.02123668,0.00000000,-0.21767451,-0.01920756,-0.04960404,0.07349488,0.01886791,0.00000000,0.02150563,0.08095246,0.04298031,0.03548136,0.00884181,0.07866270,0.03526650,0.10000001,0.01322230,-0.02826236,0.16263987,0.00562412,-0.10280018,0.06544745,0.00917474,-0.00490347,0.00338214,0.06043167,0.00000000,0.07869377,-0.02603450,-0.05970135,0.00000000,-0.01652087,0.00851964,-0.00892282,0.00337875,0.05377527,0.03000001,-0.00781267,0.03434043,0.06334811,0.00000000,0.04832871,0.00000000,-0.01877113,-0.05614006,0.00836475,-0.01867229,0.04709381,0.03711324,0.03802836,0.00000000,-0.01190473,0.04385973,0.02035456,0.00000000,0.02054796,0.00000000,0.00000000,0.07484866,0.06028895,-0.00966187,0.00240096,-0.07987230,0.00000000,0.00594244,0.00000000,0.00391639,0.01738328,0.00000000
2014-11-30,0.07696207,0.00000000,-0.04154307,-0.02787195,0.00000000,0.00000000,0.09273877,-0.03384504,0.00000000,-0.02495198,-0.00751095,0.04427075,-0.03899477,0.01810737,-0.02968201,-0.03030991,0.03664112,0.05422103,0.06915414,0.02832078,-0.06095534,0.00000000,0.03242242,0.06625455,0.03620235,0.02413658,0.00000000,0.04092524,0.00000000,0.00460820,0.05458999,-0.05079834,0.05647102,0.15589681,0.00000000,-0.00475632,0.03961948,0.09402140,0.00000000,-0.09809750,0.06425934,0.03839647,0.04666547,0.04232852,0.00000000,-0.00390948,0.03230538,0.12045847,0.11866965,0.03242735,0.01868739,0.06018170,0.03496507,0.02948278,0.05988013,-0.00304111,0.01482103,0.10602826,0.07317064,0.06796514,0.04608677,0.04174768,0.03527821,0.00000000,0.11910703,0.08055630,0.05396822,0.00000000,-0.00395256,-0.01636760,0.07224422,0.00168327,0.01881435,-0.02912622,0.02767696,0.06507308,0.01560294,0.00000000,0.07313683,0.00000000,-0.00826094,0.03144574,0.11779322,0.04122633,0.03182569,0.03436530,0.10433746,0.00000000,0.21309840,-0.00830171,0.06306292,0.00000000,0.06577162,0.00000000,0.00000000,0.00153608,-0.11228468,-0.00229033,0.04191615,0.03211817,0.00000000,0.08126474,0.00000000,0.12245344,0.09712233,0.00000000
2014-12-31,-0.05636770,0.00000000,-0.04820866,-0.00855363,0.00000000,0.00000000,-0.00794486,-0.09002280,0.00000000,-0.04625989,-0.02540518,0.09975071,-0.09287639,-0.00673033,0.02127644,-0.08155435,0.06038307,0.01171854,-0.05197135,-0.04460852,-0.04122798,0.00000000,-0.01801397,0.01159895,-0.01516144,-0.10767994,0.00000000,-0.06495733,0.00000000,-0.01479389,-0.01081636,0.03746179,-0.04945777,0.12159307,0.00000000,0.00862077,0.02235774,0.02864701,0.00000000,0.05636138,-0.02242657,-0.12283771,0.02713952,-0.04559380,0.00000000,-0.04458414,0.02489341,0.00145516,0.01409944,-0.08064495,0.03803145,0.01642253,-0.08510509,-0.03755870,-0.02259910,0.05948157,0.00551132,-0.01314263,-0.02602927,0.00770163,-0.00997484,-0.05637800,0.00022828,0.00000000,-0.01503501,-0.02626397,0.00702818,0.00000000,-0.04414671,-0.02415446,0.01761234,-0.00826353,-0.00227679,0.07249987,-0.00383138,0.03491274,0.03351954,0.00000000,-0.03617581,0.00000000,-0.03331849,-0.03490137,-0.00333937,0.01065998,-0.05607952,0.00658961,-0.03237783,0.00000000,0.06622530,0.00847446,0.01271192,0.00000000,0.02581852,0.00000000,0.00000000,-0.00051135,0.12569411,-0.01467020,-0.01781613,-0.10260745,0.00000000,0.00714747,0.00000000,0.08573080,0.06311469,0.00000000
2015-01-31,0.00724805,0.00000000,-0.01812279,0.01310118,0.00000000,0.00000000,0.06588982,0.00214308,0.00000000,0.08978351,0.14753183,0.08752836,0.11530814,-0.03839849,0.01620379,-0.03234006,0.00381912,0.06766252,0.19187183,-0.05044634,0.09698081,0.00000000,-0.11396456,0.06633905,0.01807216,-0.02823315,0.00000000,0.09689219,0.00000000,-0.00814912,0.08591504,0.03537228,0.03261954,0.11651074,0.00000000,0.03418736,0.12524872,0.02227915,0.00000000,0.19656785,0.10000008,0.02414950,0.06436322,0.03138272,0.00000000,0.00164323,0.01943077,0.07150676,0.02021327,0.02677749,-0.04956914,0.06006318,0.03416466,0.14975611,0.07266724,-0.03071020,0.03973694,-0.02937716,0.10112374,0.07763471,0.19932701,-0.02730176,0.04521615,0.00000000,0.06483604,0.06114495,0.05882343,0.00000000,0.17280745,0.15841578,-0.02918073,-0.00494130,-0.08113579,-0.01631694,0.06923074,0.01084323,0.01486454,0.00000000,0.08579073,0.00000000,0.01768678,-0.12736831,0.07892759,0.00351575,0.11369157,0.07146764,0.05512878,0.00000000,-0.00310557,0.00840338,-0.00657495,0.00000000,0.05340712,0.00000000,0.00000000,0.02608708,0.17928878,-0.00868480,-0.09947321,-0.01874401,0.00000000,0.05354829,0.00000000,0.09550059,0.05705477,0.00000000
2015-02-28,0.05657566,0.00000000,0.18977758,0.09131063,0.00000000,0.00000000,0.02185796,0.09123301,0.00000000,0.02083276,0.13146449,0.23269389,0.22816411,0.09715955,0.03416882,0.18157880,0.00125972,-0.00120561,0.07692294,0.11362890,0.22935778,0.00000000,0.07401644,0.09677414,0.07889543,0.12980326,0.00000000,0.09166673,0.00000000,0.00950974,0.08798875,0.03629901,0.13856585,0.06919666,0.00000000,-0.01298645,0.11837447,0.16513020,0.00000000,0.05345499,-0.01604302,0.15292309,0.01909630,0.08612734,0.00000000,-0.05298555,0.07692326,-0.00405694,0.07467883,0.20098909,0.07346961,0.09907245,0.03214267,0.05218504,0.14857591,0.17128722,0.10015799,0.13276804,-0.01412874,0.04329980,0.04496543,0.07118676,0.01191220,0.00000000,0.04862581,0.05159126,0.12994325,0.00000000,0.06371671,0.06837605,0.05970089,0.03918207,0.01324489,0.03436013,0.02888811,0.02264627,0.02556099,0.00000000,0.00586451,0.00000000,0.09402826,0.09614104,0.06107642,0.05305303,0.04388933,0.06924645,0.05146875,0.00000000,0.07165114,0.01677061,0.05475322,0.00000000,0.10489508,0.00000000,0.00000000,0.08175477,0.04032246,0.00766081,0.08836885,0.13562572,0.00000000,0.12267802,0.00000000,0.11931816,0.08169217,0.00000000
2015-03-31,-0.08612666,0.00000000,0.08790783,0.06199372,0.00000000,0.00000000,0.08188494,-0.07072388,0.00000000,0.00185575,0.13498507,-0.01217867,0.05660370,-0.05553748,0.02439079,0.06230300,-0.00553060,0.00490841,0.10677485,0.08600498,0.10379940,0.00000000,0.07425744,-0.05534676,-0.04986475,0.06594772,0.00000000,-0.04122140,0.00000000,0.01860441,0.03371512,-0.05700585,0.10161717,0.06367446,0.00000000,-0.01311117,0.00385898,0.15557556,0.00000000,0.01608915,-0.00489114,0.08846686,0.01374140,-0.02041848,0.00000000,-0.00548892,-0.05309779,0.02545806,-0.02269029,0.02171492,0.02239105,0.03617712,-0.02941201,-0.08870967,0.06099191,-0.07945912,-0.01964133,0.02636278,-0.00232370,-0.00322003,0.04577711,-0.00911419,0.00247837,0.00000000,-0.00846795,0.08282895,0.05666679,0.00000000,-0.00437548,-0.05894400,0.03208137,0.00983587,-0.07407402,0.25887717,0.00349652,-0.05157826,0.05129857,0.00000000,0.02626451,0.00000000,0.13160700,0.07408512,0.04081893,0.00237035,-0.03136651,-0.03067349,-0.00914700,0.00000000,-0.02325573,0.02049173,0.07358810,0.00000000,-0.01424032,0.00000000,0.00000000,0.00175840,0.07206432,0.04720479,0.09373150,0.06476017,0.00000000,0.06454557,0.00000000,-0.08919498,-0.03978408,0.00000000
2015-04-30,-0.01595683,0.00000000,0.01681890,-0.03864435,0.00000000,0.00000000,-0.05715151,0.08681899,0.00000000,-0.02385670,-0.01016193,0.01986303,-0.02403861,0.05234960,0.00860219,-0.04336717,-0.01981238,0.00000000,0.01737301,-0.00229784,-0.09096508,0.00000000,0.01608150,-0.00076752,-0.01860163,-0.05486372,0.00000000,-0.02547759,0.00000000,0.00000000,-0.03581320,-0.06741520,-0.11233019,-0.05379954,0.00000000,0.01818247,0.02827130,0.08155483,0.00000000,0.07213612,-0.04533058,-0.00589286,-0.01725196,0.02811437,0.00000000,0.12909416,-0.03172751,0.04766638,0.04995858,0.01099288,0.11816846,-0.01018302,0.11408229,-0.12831867,-0.04737845,0.14567702,0.05599032,-0.00034709,-0.00319248,-0.06648120,-0.03784548,-0.01140372,0.01977750,0.00000000,0.03660031,-0.02265388,-0.03982660,0.00000000,0.00791553,0.00854694,-0.01402549,0.00987939,-0.00441181,0.05550517,0.02787430,0.03687768,-0.04323656,0.00000000,-0.02571765,0.00000000,0.05177679,-0.01642909,0.01468733,0.04856294,0.02902384,-0.01001822,-0.01447096,0.00000000,0.06547616,-0.01204831,-0.04438842,0.00000000,-0.04480424,0.00000000,0.00000000,-0.05676869,-0.04042010,0.00830361,0.02947575,0.01895743,0.00000000,0.02320973,0.00000000,-0.04251580,0.00298777,0.00000000
2015-05-31,0.04231679,0.00000000,0.00218345,-0.00251131,0.00000000,0.00000000,-0.02106071,0.07147461,0.00000000,-0.00664167,0.00922123,-0.04969780,0.08022533,0.05762164,-0.01279337,-0.00077813,0.05496454,0.03543548,0.02990051,-0.00064306,0.06832788,0.00000000,-0.02719567,-0.06067588,0.04640515,-0.00247024,0.00000000,0.02124178,0.00000000,-0.00557246,0.05605752,0.01874968,-0.02084551,-0.07417009,0.00000000,0.02738071,-0.06520049,0.01409521,0.00000000,0.28863633,0.04229683,-0.02242331,0.03893887,0.00282894,0.00000000,-0.03909312,0.03519415,0.13554498,0.11154950,0.09469889,-0.00912877,0.01752128,-0.04080017,0.08629443,0.11160561,0.03487006,0.08358408,0.03766844,0.05124143,0.02230763,-0.06582007,0.13427242,0.03333364,0.00000000,-0.03604189,-0.02287766,-0.02669406,0.00000000,0.03752186,0.04425614,-0.02095350,0.03135046,0.02008874,0.13117959,-0.02700688,0.01481916,0.03615244,0.00000000,-0.00122771,0.00000000,-0.03796373,-0.04026049,0.03911314,-0.00472578,-0.00652710,-0.00051879,0.06280945,0.00000000,0.11173179,-0.04868367,0.01564380,0.00000000,0.02128844,0.00000000,0.00000000,0.02880674,0.10385268,0.00131974,0.09987084,0.00669624,0.00000000,0.03923209,0.00000000,-0.01690302,-0.05049773,0.00000000
2015-06-30,-0.08960434,0.00000000,-0.01875677,-0.04891065,0.00000000,0.00000000,-0.02136606,-0.12707494,0.00000000,-0.05921655,0.01547996,-0.09611307,-0.03843648,-0.03518529,-0.02190292,-0.02235042,-0.00571455,-0.07946611,-0.04516156,-0.01419986,0.01522833,0.00000000,-0.03907148,-0.04742428,-0.04559638,-0.05365240,0.00000000,0.00959997,0.00000000,-0.00803684,-0.01243743,-0.00306723,-0.01696141,-0.12100858,0.00000000,0.00588653,-0.04957968,-0.02779821,0.00000000,-0.16437399,-0.08233979,-0.01540266,-0.06336744,0.07525642,0.00000000,-0.08447068,-0.01641265,-0.08239826,-0.08235218,-0.01101809,-0.03646834,-0.08256611,-0.04587150,-0.03504675,-0.00914053,0.01161884,-0.04764955,-0.07938208,-0.08295590,-0.06358159,-0.02459777,-0.02882552,-0.05364918,0.00000000,-0.03540921,-0.02389887,-0.07510551,0.00000000,-0.05634990,-0.06762841,0.01278581,-0.00545604,0.01795526,-0.03963402,-0.02090610,-0.04205614,-0.02429890,0.00000000,-0.05808231,0.00000000,-0.04100955,-0.03392969,-0.05868422,0.00664752,-0.04786477,-0.05763257,0.03668447,0.00000000,-0.08525916,0.00854666,-0.01954994,0.00000000,-0.00603381,0.00000000,0.00000000,-0.03349990,-0.07207879,0.00470039,-0.01928782,-0.05416006,0.00000000,-0.08192801,0.00000000,0.04820663,-0.11760318,0.00000000
2015-07-31,0.02342365,0.00000000,0.07533730,0.06250033,0.00000000,0.00000000,0.06728721,-0.07918419,0.00000000,0.05583765,-0.13262206,0.12353410,0.06978327,0.10921314,0.04240297,0.05712400,0.14232614,0.05995192,-0.01554037,0.09529085,0.00312499,0.00000000,-0.02333994,0.05579388,-0.04908406,0.02791093,0.00000000,0.07290000,0.00000000,0.00925955,0.06053898,0.04153844,0.18812624,0.03824113,0.00000000,-0.00451482,0.05923951,0.09255080,0.00000000,0.02997044,0.10952975,0.06997853,0.07280896,0.04459989,0.00000000,0.01683877,0.10309898,-0.08872871,0.07163592,0.04591454,0.16932271,0.07769502,0.02387041,-0.01646472,0.07687577,0.07503830,0.05362339,0.05341482,0.07807362,0.04740863,0.05043705,-0.02393227,0.00310004,0.00000000,0.10168786,-0.05215436,0.03324748,0.00000000,0.01069514,0.03965182,0.11421799,0.04403420,-0.02645811,-0.07619055,0.05338098,0.04024418,0.04150683,0.00000000,-0.01631329,0.00000000,-0.04203245,0.00319291,-0.00409321,-0.01886796,0.10596349,0.09090909,0.05997218,0.00000000,0.00000000,0.02966125,0.05135961,0.00000000,0.08057388,0.00000000,0.00000000,0.04604240,0.10520582,0.02222231,0.12203725,0.00165966,0.00000000,0.10411202,0.00000000,0.12252941,0.06027164,0.00000000
2015-08-31,-0.08428712,0.00000000,-0.15754619,-0.20027252,0.00000000,0.00000000,-0.04594230,-0.01351855,0.00000000,-0.06961545,-0.13620388,0.03270701,-0.02976571,-0.09514005,0.00508445,-0.10321235,-0.00937462,-0.02497037,-0.03363076,-0.05125637,-0.04797529,0.00000000,-0.04902676,-0.02520339,0.02615295,-0.15214262,0.00000000,-0.07385515,0.00000000,-0.01018473,-0.06354151,0.06277695,-0.17941910,-0.01083414,0.00000000,0.00925875,0.00083466,-0.04752067,0.00000000,-0.01434428,-0.08923594,-0.03002239,-0.00480461,-0.01423184,0.00000000,-0.10512452,-0.02746230,-0.08483296,-0.11147254,-0.10484355,-0.00988089,-0.08410921,-0.08710483,0.10093536,-0.07081672,0.01780607,-0.04953615,-0.13328504,-0.03543934,-0.03056299,-0.05368569,-0.06986497,0.00308989,0.00000000,-0.03481018,-0.10116181,0.03517379,0.00000000,-0.07054669,-0.06790708,-0.01512580,0.01876873,-0.01578018,0.19587646,-0.02016140,-0.01083084,0.00858382,0.00000000,-0.05927757,0.00000000,-0.08389579,-0.12415779,-0.10266349,-0.05240384,-0.06495981,-0.04166658,-0.03858657,0.00000000,0.06593428,-0.02459199,-0.04540229,0.00000000,-0.06486208,0.00000000,0.00000000,-0.04352138,-0.06954408,-0.01817620,-0.09977505,-0.03396832,0.00000000,0.02852600,0.00000000,0.02764096,0.03282636,0.00000000
2015-09-30,-0.06788026,0.00000000,-0.15142735,-0.06398105,0.00000000,0.00000000,-0.01405996,-0.06166736,0.00000000,-0.06572964,-0.02441487,0.07008079,-0.13707579,-0.06616943,0.07508691,-0.08265753,0.06662683,0.02256098,-0.09232943,-0.06770907,-0.03534022,0.00000000,-0.09757423,-0.01834854,0.00134157,-0.05704563,0.00000000,-0.00797454,0.00000000,0.00579374,-0.03737486,-0.06445583,-0.08392017,-0.04903790,0.00000000,-0.00229372,0.02335290,-0.14099764,0.00000000,-0.01352372,0.00183705,-0.08295933,0.03198570,0.01061573,0.00000000,-0.03855788,0.04666666,-0.03277151,-0.05185026,-0.07292055,-0.00447347,-0.05837994,-0.05425651,0.02862260,-0.03011674,0.07282951,-0.02890430,-0.00167153,0.00565687,-0.05777607,0.03238147,-0.02868942,0.01109065,0.00000000,-0.04007946,-0.11216723,0.03097772,0.00000000,-0.05692591,-0.06986025,-0.05895338,0.03463520,-0.06472693,0.12097715,-0.04827602,-0.03082422,-0.01496842,0.00000000,-0.01727790,0.00000000,-0.13578930,-0.13113553,-0.01162785,-0.09335349,0.02359378,-0.05217387,-0.02073304,0.00000000,0.05927808,-0.01687815,0.00662255,0.00000000,-0.07143229,0.00000000,0.00000000,-0.04395046,-0.00901145,0.05128196,-0.08901784,-0.04459699,0.00000000,0.00616375,0.00000000,-0.01507634,0.06666661,0.00000000
2015-10-31,0.08535319,0.00000000,0.12335453,0.09133406,0.00000000,0.00000000,0.13618546,0.09533473,0.00000000,0.07537182,0.14129287,0.08564238,0.02950093,-0.04976447,0.00941190,0.04543856,0.01848752,0.03825112,0.16782083,0.05337386,-0.00339212,0.00000000,0.01364277,0.08751066,-0.01918452,0.06240725,0.00000000,0.08360121,0.00000000,-0.00460841,0.12433549,-0.03120389,0.05816375,0.09073110,0.00000000,0.00703519,0.10757956,0.15909069,0.00000000,-0.15682958,0.05378996,0.06173161,0.04035074,0.04621886,0.00000000,0.01797740,0.02707018,0.09583754,0.07441547,0.04624495,0.06118222,0.10553829,0.07220588,0.03391304,0.00380230,0.09132439,0.04037857,0.14273751,0.06354216,0.09869791,0.06631258,-0.01902611,0.03107831,0.00000000,0.05208772,0.15845840,0.10258972,0.00000000,0.01810847,0.01394859,0.11514464,-0.06041830,0.00825407,-0.02122215,0.02536252,0.04648341,0.06543225,0.00000000,0.09006088,0.00000000,0.07125462,0.08558156,0.06345790,0.00615540,0.04726420,-0.03085905,0.02348597,0.00000000,0.01216544,0.02145941,0.09928229,0.00000000,0.13470598,0.00000000,0.00000000,0.06057338,-0.05895728,-0.01552102,0.09827863,0.05565527,0.00000000,0.01846598,0.00000000,0.05548785,0.10029085,0.00000000
2015-11-30,-0.01045373,0.08337849,-0.00868065,0.03426115,0.00000000,0.00000000,0.05208641,-0.06440879,0.00000000,0.05246894,0.10415710,0.06844549,0.00293888,-0.03788956,0.01010085,0.00204077,0.08250811,-0.04192985,0.07292554,0.01538191,-0.00953022,0.00000000,-0.00715903,-0.02968762,-0.02800543,0.04095892,0.00000000,-0.01780391,0.00000000,-0.02069418,0.05282626,0.00460120,-0.04573995,-0.02333939,0.00000000,0.01826450,0.02796155,0.07334782,0.00000000,-0.12150019,0.04408329,0.06783271,-0.01457408,-0.01606420,0.00000000,0.04314394,0.05322985,0.08303886,0.00299403,-0.01813366,-0.02508160,0.04095773,0.04243538,0.00546675,0.02525231,0.03945006,0.04369024,-0.03003660,-0.08065699,0.03784428,-0.00497968,-0.01044354,-0.03368771,0.00000000,0.04125746,-0.03992630,0.01114933,0.00000000,0.02964441,0.01851845,0.13160645,0.05761938,-0.04785874,0.00759557,0.01425062,0.06954965,0.00811125,0.00000000,0.01349570,0.00000000,-0.00682266,0.01333353,0.00435816,0.02558400,-0.01911966,-0.00086053,-0.00877382,0.00000000,0.01442305,-0.00409827,0.06692067,0.00000000,0.05339553,0.00000000,0.00000000,-0.01478823,-0.00540092,-0.02238781,-0.00151656,-0.05527204,0.00000000,0.01353386,0.00000000,-0.03312446,-0.06010569,0.00000000
2015-12-31,-0.06434571,0.04602632,-0.04597194,-0.09420287,0.00000000,0.00000000,-0.02445545,0.01544554,0.00000000,0.00879782,-0.04592466,0.13300756,-0.06153840,-0.01926524,-0.00230752,-0.14218418,-0.00736792,-0.05755390,-0.06161736,-0.06273391,-0.03230244,0.00000000,-0.06162026,-0.02818007,-0.06043578,-0.08138186,0.00000000,-0.03021152,0.00000000,0.00945624,-0.01229983,0.02290084,-0.07323618,0.07536775,0.00000000,0.01793771,0.00286363,0.03179988,0.00000000,0.07000596,-0.06000007,-0.05301024,-0.05533379,-0.04971272,0.00000000,0.01265374,0.03434734,0.02295635,-0.04147390,-0.02924179,-0.03574993,-0.05387405,-0.15129498,-0.14261819,-0.04926103,-0.04197806,-0.04016134,-0.01057418,-0.04380430,-0.01362794,-0.04958097,0.00150769,0.00327071,0.00000000,0.03547161,-0.08649775,-0.02078018,0.00000000,-0.02879092,-0.03064935,0.01422818,-0.01205175,-0.00132313,-0.08058235,-0.01393721,0.00218599,0.00000000,0.00000000,-0.00552108,0.00000000,-0.06410963,-0.11803411,-0.00667563,-0.03036872,-0.02674527,-0.02756248,0.00000000,0.00000000,-0.05669742,0.00421941,0.00101968,0.00000000,-0.00787407,0.00000000,0.00000000,-0.03157371,0.06344645,-0.00691246,-0.01164570,-0.07560758,0.00000000,-0.02670619,0.00000000,-0.02675977,-0.04427296,0.00000000
2016-01-31,-0.06723147,-0.07477757,-0.15594324,-0.00933345,0.00000000,0.00000000,-0.09110368,-0.14508592,0.00000000,-0.06821694,-0.16088465,-0.08481076,-0.33489476,-0.15029687,0.00231286,-0.11377255,-0.04018425,-0.05843764,-0.15731871,-0.16856814,-0.21875008,0.00000000,-0.13503422,0.05633777,-0.03590107,-0.21991229,0.00000000,-0.04049845,0.00000000,0.00234186,-0.09982220,-0.02761211,-0.27191996,-0.07350424,0.00000000,-0.00660864,-0.05424715,-0.06754096,0.00000000,-0.10239377,-0.18498803,-0.17774927,-0.07427528,-0.00945030,0.00000000,-0.08187231,-0.05882347,-0.07177034,-0.08222614,-0.16012699,-0.01871105,-0.08605234,-0.07405085,-0.09219505,-0.15220204,-0.11254504,-0.08036329,-0.16030518,-0.06966858,-0.09073951,-0.02277730,-0.10414682,-0.01280475,0.00000000,-0.09839635,-0.10942926,-0.07492424,0.00000000,-0.08646259,-0.07931383,-0.04971029,-0.02177082,-0.16324514,-0.13429442,-0.00706694,-0.05725172,-0.01827191,0.00000000,-0.10679299,0.00000000,0.01773705,-0.13668271,-0.08467727,-0.07941820,0.02212384,-0.04960152,-0.16137081,0.00000000,-0.09045222,-0.02521001,-0.03413125,0.00000000,-0.05456341,0.00000000,0.00000000,-0.04275785,-0.09862930,0.01392093,-0.13780739,-0.30905557,0.00000000,-0.01981688,0.00000000,-0.01891417,-0.10294110,0.00000000
2016-02-29,-0.08253091,-0.05197518,0.04240977,-0.11017117,0.00000000,0.00000000,-0.07669031,0.05565699,0.00000000,-0.08860256,-0.08165383,0.03821991,-0.11091553,-0.07500016,0.00792069,-0.00695397,-0.04122424,-0.10945938,0.05519482,-0.01658092,-0.14363641,0.00000000,-0.04784181,0.01725504,0.02792851,0.00428556,0.00000000,-0.02597412,0.00000000,0.01416881,-0.10869552,0.00690748,-0.02530496,-0.05043085,0.00000000,-0.01773783,0.00377359,-0.00843894,0.00000000,-0.06518505,-0.07106592,-0.07831149,-0.08936731,-0.06071128,0.00000000,-0.06632142,-0.01915302,-0.00687267,-0.00882334,0.02831544,-0.07238690,-0.00210017,0.06758209,-0.02740465,-0.10542407,-0.02096727,-0.03659098,-0.02909087,-0.07853912,-0.06776184,-0.03734360,0.10601909,-0.02964808,0.00000000,0.08245745,-0.12578880,-0.09634849,0.00000000,-0.00703047,-0.00291061,-0.08857507,-0.03560815,-0.11396898,-0.10613999,-0.04258671,-0.01908644,-0.01170947,0.00000000,-0.08043890,0.00000000,-0.11838963,-0.03397688,-0.03964786,0.02187096,-0.05331490,0.02609515,-0.12584582,0.00000000,-0.00552516,-0.01713498,-0.06276373,0.00000000,-0.09968531,0.00000000,0.00000000,-0.02847549,0.03756677,0.03103823,-0.08853237,-0.03156706,0.00000000,-0.04976713,0.00000000,0.02534785,0.08278707,0.00000000
2016-03-31,0.06776619,-0.01288356,-0.00709358,0.04451169,0.00000000,0.00000000,0.04153007,0.24310243,0.00000000,0.04084885,0.13956101,0.03883004,-0.20198010,-0.12797889,0.02671769,-0.00222036,0.00139159,0.06308047,0.07846153,0.02860454,-0.11167737,0.00000000,-0.00383580,0.03327070,-0.04740678,0.01893582,0.00000000,0.08500012,0.00000000,-0.01152093,0.01946282,0.00609767,-0.06474817,-0.01230566,0.00000000,-0.00751243,0.03082715,0.04964536,0.00000000,0.03169568,0.01717392,0.00169629,0.04297984,0.04478290,0.00000000,-0.05572477,-0.00394779,0.07006920,0.04177129,-0.02432313,0.09021687,0.00806725,0.08145213,-0.02983410,0.03928270,0.09395504,0.02328116,0.07818343,0.09126555,0.03612353,0.09606878,-0.06049719,0.00977825,0.00000000,0.05302433,0.05499982,0.05895770,0.00000000,-0.01372670,-0.08262616,0.01250010,0.02000009,-0.00535948,0.21618838,0.03717478,0.11261781,-0.03317539,0.00000000,0.03493150,0.00000000,0.07839161,0.03224079,0.02583088,-0.01969698,-0.01226400,-0.00721998,0.02105248,0.00000000,-0.01666671,0.06578952,0.00056275,0.00000000,0.07051280,0.00000000,0.00000000,0.00517218,0.01034496,-0.01442870,0.00977831,-0.07741565,0.00000000,0.04173522,0.00000000,0.10114923,0.06283114,0.00000000
2016-04-30,-0.08393136,0.03693412,0.01481404,0.03682270,0.00000000,0.00000000,0.03707586,0.06780227,0.00000000,-0.05166045,0.08543212,-0.00631069,0.04497061,0.14333336,0.00892164,0.04763901,-0.09421902,0.02640950,0.04564062,0.04544450,0.22012438,0.00000000,0.01232197,-0.00464765,-0.03961974,0.09438623,0.00000000,0.02918569,0.00000000,0.00116541,0.06404056,-0.07389255,0.10167225,-0.03192286,0.00000000,0.02511388,0.00305168,-0.01728323,0.00000000,-0.11176870,0.02225629,0.05449487,0.04120886,-0.01634960,0.00000000,0.04286718,-0.07069151,-0.00727575,0.03768621,0.04392473,0.03513582,0.02540025,0.02048770,-0.02107082,-0.00575172,-0.07663307,0.02834112,0.00303964,0.02815629,-0.05104855,0.01699965,-0.01367657,-0.00063075,0.00000000,-0.03794344,0.16640311,0.01481395,0.00000000,0.00473665,-0.00064112,0.05233889,-0.02700728,0.03277970,-0.13852163,0.04301048,-0.08823934,0.04670062,0.00000000,0.03574146,0.00000000,0.10171720,0.15374676,-0.06298903,-0.01096059,0.01803558,0.03484974,0.07186213,0.00000000,0.10734484,-0.03703717,0.00720861,0.00000000,-0.05588960,0.00000000,0.00000000,0.05621682,-0.03638839,-0.03364581,0.07165919,0.10287031,0.00000000,-0.00613001,0.00000000,-0.07083004,-0.01737508,0.00000000
2016-05-31,0.03986498,0.00574435,-0.00358879,-0.05047990,0.00000000,0.00000000,0.04023717,-0.05340255,0.04367822,0.04024043,-0.07719254,0.05324874,-0.27850763,0.06355671,0.01326440,-0.00367699,0.12028229,0.02920738,0.04871276,0.07623270,-0.08863779,0.00000000,-0.05041683,0.01978480,0.10396059,-0.05637252,0.00000000,0.05820902,0.00000000,-0.00799385,0.08057948,0.01473020,-0.02519733,-0.10636858,0.00000000,0.01559032,0.00895507,-0.06419405,0.00000000,0.13148780,0.03677561,0.14231085,-0.00923458,0.09703493,0.00000000,-0.01629378,0.09217100,0.08713354,0.18559957,0.04675063,0.01283829,0.02051254,-0.10363278,-0.02036078,0.01513599,0.07968561,0.05060586,-0.06434820,0.03003520,0.07306162,0.00085225,0.07380316,0.03785499,0.00000000,0.00820820,0.02844273,-0.02522185,0.00000000,0.02769594,0.03848636,-0.00809655,-0.01395342,0.07173916,0.15660987,0.00355121,0.02325582,0.00468358,0.00000000,0.02411880,0.00000000,-0.07968849,-0.02940520,0.07796321,0.04237270,0.04836030,-0.00093546,-0.03165540,0.00000000,0.06122463,0.01293344,0.04935369,0.00000000,0.06978067,0.00000000,0.00000000,0.06004619,-0.00797168,-0.00466189,-0.02097573,-0.14759911,0.00000000,0.03794477,0.00000000,0.08205986,0.05185170,0.00000000
2016-06-30,-0.13417863,-0.18628781,-0.16232683,-0.23593085,0.00000000,0.00000000,-0.12883433,0.02235943,0.00881035,-0.12427764,-0.26163965,-0.01252321,-0.35033090,-0.24013143,-0.04945426,-0.15047814,-0.00301295,-0.17963358,-0.18579956,-0.16150307,-0.27924371,0.00000000,-0.19943026,0.05452932,-0.15321361,-0.24363636,0.00000000,-0.06058362,0.00000000,-0.03286403,-0.21147013,-0.11290361,-0.23232640,-0.12282037,0.00000000,-0.05469729,0.05621285,-0.10823155,0.00000000,-0.31804283,-0.19033005,-0.23736167,-0.16571616,-0.13303569,-0.01951220,0.04684857,0.04931361,-0.26527204,-0.02463446,-0.18008036,-0.09832129,-0.03204705,-0.01215877,-0.15676937,-0.26256504,-0.08457402,-0.17322492,-0.01477831,-0.10884020,-0.20342537,-0.03064971,-0.24937514,-0.08936151,0.00000000,-0.07458878,-0.11087910,-0.04861514,0.00000000,-0.13704139,-0.12415065,-0.14383711,-0.05660369,-0.30385432,-0.36158019,-0.09246551,-0.08920478,-0.00466175,0.00000000,-0.08913046,0.00000000,-0.23242146,-0.20088548,-0.13062731,-0.08755475,-0.05298013,-0.04681638,-0.13234004,0.00000000,0.02909499,-0.14767937,-0.05095188,0.00000000,-0.15363874,0.00000000,0.00000000,-0.04302857,-0.09464304,0.02107732,-0.18164053,-0.31502105,0.00000000,-0.05559785,0.00000000,0.06313896,-0.03450717,0.00000000
2016-07-31,0.03167574,0.11581074,0.04761900,0.03286143,0.00000000,0.00000000,0.00391226,0.12045793,0.00436712,-0.00710833,-0.03632625,0.09863786,0.17444029,0.11507923,0.04361096,0.04863858,0.08873645,0.10543670,0.06927445,0.11570870,0.11958549,0.00000000,0.14234882,0.07923289,0.11209174,0.01236263,0.00000000,0.08663600,0.00000000,0.04368907,0.02386951,0.13727296,-0.02434090,0.00259299,0.00000000,0.06728514,0.07002805,-0.09230789,0.00000000,-0.01345294,0.11658746,0.08312674,0.09098154,0.02692504,0.00331675,0.06267456,0.02713179,0.16867206,0.12694056,0.08944321,0.04331302,0.04948372,-0.02903659,0.10985893,0.15746189,0.05640108,0.15536129,0.09099987,0.05293606,0.07865778,0.07465506,-0.01683301,0.08010649,0.00000000,0.09640468,0.11950972,0.08785726,0.00000000,0.06245862,0.07545821,-0.02702168,0.00016025,0.12121208,-0.03306592,0.03773586,0.00124782,0.04227788,0.00000000,0.06205259,0.00000000,0.03731967,0.12289675,0.11120547,0.02878698,0.06824187,0.01178784,-0.02020199,0.00000000,-0.06074781,0.08910897,-0.04011810,0.00000000,0.17961797,0.00000000,0.00000000,0.02333547,0.09204525,0.02981666,0.06205235,0.11269033,0.00000000,0.02177391,0.00000000,0.08244287,0.08898638,0.00000000
2016-08-31,0.20336760,0.13405973,0.07196976,0.04478971,0.00000000,0.00000000,0.04091982,0.05645642,0.05434777,0.09537214,-0.02133722,0.02265920,-0.11119935,0.11459420,0.05961097,0.06756015,-0.01681794,-0.01192255,-0.05182912,0.02818171,-0.05994587,0.00000000,0.07387633,0.00000000,0.08015850,0.06953881,0.00000000,-0.05965499,0.00000000,-0.00450183,0.03236415,0.08393282,0.09854473,-0.06265469,0.00000000,-0.00639103,0.03926705,0.02636542,0.00000000,0.07954557,-0.03225788,0.06840125,-0.00877802,0.06577720,0.00000000,0.13993002,-0.01501482,-0.07607356,-0.00405178,0.14868815,-0.01565925,0.02442350,0.00289219,0.20558386,0.08121825,-0.01834227,-0.00675658,-0.03391370,0.00000000,0.02255683,-0.01903083,0.11682199,0.01421520,0.00000000,-0.00716500,0.10538312,0.01757800,0.00000000,0.09568481,0.09770510,0.13195280,0.06333352,0.04729746,0.30679057,0.01103231,0.08286584,-0.00674175,0.00000000,0.02146369,0.00000000,-0.00654154,0.05956777,0.06351949,0.11525643,0.02314442,0.07281540,0.01924394,0.00000000,0.01492538,0.05466520,0.02028297,0.00000000,0.06047512,0.00000000,0.00000000,0.09510568,0.14840427,-0.01767986,0.06516870,0.05200733,0.00000000,-0.01104950,0.00000000,-0.01593790,-0.02076369,0.00000000
2016-09-30,-0.05634688,-0.00027119,0.03392225,-0.07158414,0.00000000,0.00000000,-0.01085739,0.00483220,-0.09278337,0.02824444,-0.04796510,-0.04682270,-0.06344948,-0.02583460,-0.03875451,-0.03513798,-0.00641665,-0.04600298,-0.05144701,0.00361815,-0.03999982,0.00000000,-0.05515078,-0.00695541,0.00661293,-0.09007297,0.00000000,-0.02675911,0.00000000,-0.01869144,0.00637627,-0.02488414,-0.12414841,0.03587845,0.00000000,0.01531735,-0.01511364,-0.05412821,0.00000000,-0.15567071,-0.04736844,-0.05712976,-0.06568300,-0.00733691,0.06611570,0.02551850,-0.00191564,-0.00840347,0.05858429,-0.02049928,0.02367756,0.03874177,0.04480928,-0.11684203,-0.07323946,-0.12941804,0.01406411,0.03795069,-0.03282740,0.03994272,-0.02880280,-0.08087615,-0.02487807,0.00000000,0.01633400,0.02765181,0.01308303,0.00000000,0.00627852,0.01732356,0.02530454,0.03526626,-0.11265499,-0.05158876,0.03597126,0.01239284,0.01357439,0.00000000,0.00220044,0.00000000,-0.06172837,-0.01815925,-0.03160923,0.02986858,0.00132357,0.06696821,-0.02897895,0.00000000,0.03921566,-0.01293095,0.05602384,0.00000000,-0.03450208,0.00000000,0.00000000,0.02386998,-0.12542853,0.00453509,-0.06962027,-0.10147437,0.00000000,0.01276936,0.00000000,-0.03382564,-0.00957603,0.00000000
2016-10-31,-0.01773775,0.14142219,0.12007298,0.15156855,0.00000000,0.00000000,0.07494326,-0.00678918,-0.02931843,0.00538610,0.11603032,-0.09999998,0.25190848,0.13408804,-0.02220625,0.24066368,-0.05967460,-0.07419835,0.06779668,0.15446787,0.29045870,0.00000000,0.22587828,-0.04747049,-0.03112195,0.07825012,0.00000000,-0.00633307,0.00000000,0.00491348,0.08421326,-0.03706516,0.13699240,0.10746023,0.00000000,-0.04513365,-0.02429640,0.03200758,0.00000000,0.06733165,0.08379382,0.15529574,-0.06161130,-0.03913049,0.06201550,0.06493731,-0.02015351,0.02627098,0.03151418,0.09144664,0.00650500,0.02358933,0.07855630,-0.10309899,0.06889555,-0.04599450,0.01480990,0.04387558,-0.05576575,-0.04252395,-0.08664207,0.04967912,-0.06812498,0.00000000,0.00357136,0.08714862,-0.00955476,0.00000000,0.08848571,0.11509100,0.00365645,-0.06117523,0.05760651,0.14320717,-0.01736129,-0.02338877,-0.00434892,0.00000000,-0.02341774,0.00000000,0.06929768,0.14706232,0.04562313,0.05742474,-0.03657979,0.04495339,0.00104176,0.00000000,-0.00943392,-0.01310075,0.04848844,0.00000000,-0.00316442,0.00000000,0.00000000,0.04960324,0.06414865,0.00000000,0.05820102,0.09073379,0.00000000,-0.12757719,0.00000000,-0.04806392,-0.03936432,0.00000000
2016-11-30,0.02309077,-0.02972654,0.08319770,0.22148656,0.00000000,0.00000000,0.05492957,-0.21903890,-0.00893019,0.00948510,0.02813659,-0.06627685,-0.26067065,0.13478734,-0.03092834,-0.11432045,0.04670333,0.01024750,-0.00333507,0.03671468,-0.11324268,0.00000000,0.00923742,-0.00653616,0.02712906,0.06238891,0.00000000,-0.01663283,0.00000000,0.02369665,0.08254211,0.09304195,0.12960847,-0.09061740,0.00000000,0.00225750,-0.04456095,-0.08270681,0.00000000,-0.01635512,0.01274424,0.14131039,0.02279044,0.01945698,0.03649635,0.03083424,0.02546513,0.11973599,0.02682576,0.07127984,0.00287267,-0.02989731,0.02362178,-0.07508297,-0.00663504,-0.06388108,-0.00509638,-0.01050784,-0.02902909,0.12607469,-0.05581641,0.01065314,-0.04091212,0.00000000,-0.02206413,0.04543755,-0.07128940,0.00000000,0.03230835,0.02053733,0.10491793,0.07983896,0.02749856,0.08655177,0.06726061,-0.02943194,-0.00448432,0.00000000,0.16036023,0.00000000,-0.03445437,-0.03663169,-0.01915567,0.00822805,-0.04391601,0.03896113,-0.01422118,0.00000000,0.00000000,0.02223540,0.01849827,0.00000000,-0.00529118,0.00000000,0.00000000,0.00614338,0.25267608,0.00239828,0.15500004,-0.10530989,0.00000000,0.00993683,0.00000000,-0.05158168,-0.03522658,0.00000000
2016-12-31,0.07638881,0.03186288,0.10610306,0.08962080,0.00000000,0.00000000,0.04806403,0.03137535,0.01004794,0.08814315,0.12642029,-0.03914405,0.18144321,0.03473029,0.06003072,0.10092694,0.01706042,0.06424342,0.11783952,0.10533048,0.33509219,0.00000000,0.14473205,0.02713810,0.06016117,0.10238859,0.00000000,0.04062612,0.00000000,0.01157388,0.07894718,0.05107908,0.16083457,0.04320975,0.00000000,-0.04504506,0.02126227,0.09221318,0.00000000,-0.03087874,0.18456365,0.15178038,0.10041143,0.05561705,-0.02253521,0.03416256,-0.02865335,0.03256254,0.02188733,0.04046676,0.10060857,0.09309824,0.03103265,0.28448267,0.15744304,0.05579405,0.03282895,-0.03407081,0.09907075,0.05004241,0.06138964,0.08017978,0.08755068,0.00000000,0.06040758,0.04597712,0.08622508,0.00000000,0.07016662,0.04540766,0.06149023,0.01881899,0.15594456,0.07267544,0.00331142,0.03667170,0.00225240,0.00000000,0.05101668,0.00000000,0.14094727,0.14978002,0.08426765,0.03971725,0.09593331,-0.01093730,0.04539051,0.00000000,-0.00449583,-0.01298711,0.03098302,0.00000000,0.07872338,0.00000000,0.00000000,0.03475835,-0.02538252,0.01801810,-0.01360549,0.35212670,0.00000000,0.08407885,0.00000000,0.01560950,0.05663196,0.00000000
2017-01-31,-0.07069899,0.03325423,0.04117162,-0.04131595,0.00000000,0.00000000,-0.00127385,0.09656864,-0.01942221,-0.01953155,0.04665823,-0.02715911,0.14746937,-0.01790118,-0.00788540,-0.00955031,0.04670953,-0.07376014,0.03660309,-0.02262595,0.03557311,0.00000000,0.07675155,-0.03522823,0.00346035,0.10585139,0.00000000,0.03235613,0.00000000,0.00701300,-0.05274106,-0.01437370,0.06608680,0.12426052,0.00000000,0.01901304,0.00134316,0.03001873,0.00000000,-0.04901983,0.04390942,-0.03187509,-0.07329851,0.00252300,0.00432277,0.02968485,0.00884977,-0.01071429,-0.00568180,-0.00897520,-0.04163944,0.02466979,0.04757486,0.07326627,-0.10552363,0.01504067,-0.09490520,0.02748508,-0.06754233,-0.05129254,-0.05877621,0.03871377,-0.05080413,0.00000000,0.08819500,-0.03448254,0.00242026,0.00000000,0.05566026,0.04343520,0.01661742,-0.07917903,-0.01246669,0.00207099,0.05610559,0.02380953,-0.04707874,0.00000000,-0.05867911,0.00000000,0.05366553,0.04908477,-0.02134761,0.02825733,0.00742189,0.03159530,-0.08448346,0.00000000,0.09090922,-0.00438577,-0.04559593,0.00000000,0.05621312,0.00000000,0.00000000,0.00363135,0.07246679,-0.01548660,0.00125390,-0.07973657,0.00000000,-0.03217855,0.00000000,-0.02054671,-0.03102976,0.00000000
2017-02-28,0.06653170,-0.00689665,-0.07093360,0.00119730,0.00000000,0.00000000,0.04719379,0.14838707,0.06280220,0.04424422,-0.04518065,0.10217759,-0.10418266,0.03212590,0.05419043,-0.01545805,0.07001969,0.05917677,-0.12923729,-0.06843523,-0.17748091,0.00000000,-0.02454895,0.01493777,0.04000017,-0.10133515,0.00000000,0.01515579,0.00000000,0.01590914,-0.01980641,-0.02500021,0.01141930,0.10075176,0.00000000,0.02314812,0.02146206,-0.01639338,0.00000000,-0.01288666,-0.08276785,-0.07391451,0.04600513,0.06249982,0.00430416,-0.04397009,0.05847929,0.02527059,-0.01642869,-0.01773577,0.10828239,0.02608164,0.03027604,-0.17144343,0.01382470,0.13336000,0.04433375,0.08827469,0.07243475,0.05704549,-0.00241820,0.05760024,0.05013535,0.00000000,-0.02932834,0.04321401,0.03476589,0.00000000,-0.01161738,0.00094614,-0.10403271,0.06974512,0.07213722,0.07824042,0.02510823,0.02059782,0.03537733,0.00000000,0.04928232,0.00000000,-0.00430355,0.00097104,0.04737561,0.05139962,0.06998923,-0.03828481,0.08051472,0.00000000,0.03508792,0.06178897,-0.02497286,0.00000000,-0.01493925,0.00000000,0.00000000,0.00814106,0.05229218,0.01587548,-0.03130867,0.00330574,0.00000000,0.06564368,0.00000000,0.08655431,0.07496368,0.00000000
2017-03-31,-0.03797124,0.05324072,0.11452408,-0.04922324,0.00000000,0.00000000,0.05755176,-0.00689741,0.02954527,0.06827287,0.03028394,-0.05268497,0.17911748,-0.00609557,-0.00880140,0.17675613,-0.01344253,-0.01202595,0.11354422,0.13241419,0.08584675,0.00000000,0.22164929,-0.00779073,0.02002580,0.17733645,0.00000000,0.01507467,0.00000000,0.00223739,0.08913326,0.02421639,-0.02714565,0.00614785,0.00000000,-0.02036191,-0.03797155,0.18148133,0.00000000,0.00522193,0.10207086,0.13457406,0.00540119,-0.02842486,-0.00285714,0.00680596,0.00736666,-0.00281699,0.08859839,0.08874359,0.02450237,0.05363122,-0.05963719,-0.01446562,0.15727287,0.12720834,0.01651913,-0.02089308,-0.00648239,-0.00402715,0.03978316,-0.03422142,0.03109033,0.00000000,0.03021448,0.10065054,-0.02193201,0.00000000,0.02813882,-0.02728600,0.03955656,0.00565634,0.01808202,0.10700200,0.02134164,-0.02704383,0.00683369,0.00000000,0.04906008,0.00000000,0.23775195,0.11466861,-0.01378897,0.01849987,-0.03342959,0.02033607,-0.01122822,0.00000000,-0.11864410,0.02489642,0.00167033,0.00000000,0.00663505,0.00000000,0.00000000,-0.00944959,-0.05010232,0.01106173,0.03619909,0.14229254,0.00000000,0.01840016,0.00000000,0.00425647,-0.02166564,0.00000000
2017-04-30,0.02630043,0.05934092,0.07480307,-0.01928296,0.00000000,0.00000000,0.00662272,-0.01612460,0.05938185,-0.01380171,0.09736684,0.05775405,-0.03887686,-0.05708586,-0.03181182,0.02941578,0.02757004,0.07622951,0.06046156,0.03764211,0.07264954,0.00000000,0.05079090,0.02104387,0.10012987,0.06098129,0.00000000,0.01656423,0.00000000,-0.00878914,0.01051340,0.06501458,0.02352948,0.04371004,0.00000000,0.01154712,0.07087699,0.07064633,0.00000000,0.06496886,-0.02483221,0.05594099,0.06216442,0.01544104,0.00859599,-0.02212336,0.03473487,0.10310748,0.05870583,0.05469300,0.05231674,0.07343594,0.05055147,-0.10976372,0.05027502,0.01860641,0.11408422,-0.01087861,0.04438171,-0.00445787,0.04008800,0.04377644,0.05381700,0.00000000,0.06685574,-0.00342142,0.04654110,0.00000000,0.05317154,0.06549359,-0.00147620,0.03004803,0.09624167,0.08436418,0.00596981,-0.01070938,0.02500734,0.00000000,0.01779360,0.00000000,0.04704636,0.05168411,0.05181507,0.02306930,0.06466490,0.02278284,0.08675101,0.00000000,0.02884611,0.06072850,0.01689473,0.00000000,0.08119141,0.00000000,0.00000000,0.01107886,-0.01377844,0.03282292,0.06051150,0.03391012,0.00000000,0.01668236,0.00000000,0.00620647,0.05680247,0.00000000
2017-05-31,0.05193724,-0.04751055,0.04240118,-0.02410555,0.00000000,0.00000000,0.02172092,0.00833819,-0.02479678,0.00095351,0.06256766,0.10161775,0.03820219,-0.01060070,0.05368876,-0.01319901,0.07366991,-0.03427276,0.04626341,0.01087966,-0.12020889,0.00000000,0.00839506,0.06924939,-0.05378250,0.04369081,0.00000000,0.01671593,0.00000000,0.02477462,0.01418306,-0.00718497,-0.04699904,0.02342235,0.00000000,0.03438369,0.07011801,0.02450236,0.00000000,0.09512209,0.02094774,-0.02682361,-0.12854119,0.08163304,-0.05149148,0.06155288,0.08497636,0.12996179,0.12791441,0.02394067,-0.16420442,0.01977040,0.06386723,-0.00358433,0.01756773,0.02277624,0.04003374,0.11895394,-0.03254998,0.02316129,0.03163167,0.02008658,0.00059365,0.00000000,0.01250933,-0.01186029,0.03911636,0.00000000,0.01240054,0.02385321,0.05124842,0.00977304,-0.02034710,-0.07072785,0.00900409,0.02097410,-0.00662246,0.00000000,0.01165502,0.00000000,0.03850511,-0.03440765,-0.00941307,0.02745095,0.03561851,-0.02625305,-0.00474985,0.00000000,0.05140177,-0.00753810,0.01963058,0.00000000,0.02177692,0.00000000,0.00000000,-0.00190569,0.04191237,-0.00198393,-0.09411762,0.04216859,0.00000000,-0.02627515,0.00000000,0.08627711,0.07748322,0.00000000
2017-06-30,0.04258080,0.03086839,0.03262470,0.00879955,0.00000000,0.00000000,0.00877694,0.00712869,0.01068383,0.00190507,-0.02770083,-0.06379070,0.05699841,-0.03452386,-0.00881344,0.00179263,0.03367212,-0.04483723,-0.01156481,0.00382056,0.00137575,0.00000000,-0.00570879,-0.04626041,-0.05746397,0.11099292,0.00000000,0.05388213,0.00000000,0.02857170,0.00884592,0.01842130,-0.00321031,-0.01589321,0.00000000,-0.01324494,-0.00796070,0.02989538,0.00000000,-0.15590201,0.02562281,0.00942798,-0.05900671,-0.02694960,-0.01460127,0.05343392,0.03175887,-0.05644989,0.00858849,0.01410338,0.00280507,0.01045294,-0.05674361,-0.03165461,0.08948195,-0.02678288,0.02309557,0.03325315,-0.05316359,0.02581401,-0.03483065,-0.06289840,-0.00640373,0.00000000,0.06452568,-0.00706983,-0.02037165,0.00000000,-0.02537188,-0.03942655,0.00204046,-0.00376251,-0.04923052,-0.07930267,-0.02058858,0.02584496,0.01111091,-0.00710036,0.01440110,0.00000000,-0.02998871,0.00190285,-0.01678823,-0.02767164,-0.02743529,-0.01470612,-0.06872416,0.00000000,0.01777778,-0.01538469,-0.00736139,0.00000000,0.00767267,0.00000000,0.00000000,-0.02004776,-0.02095130,-0.00000000,0.05454545,0.05009644,0.00000000,0.03015874,0.00000000,-0.00600446,-0.00245847,0.00000000
2017-07-31,0.09346043,0.03015913,0.05431320,0.05994183,0.00000000,0.00000000,0.04408364,0.01925243,0.06025362,0.02471450,0.07920229,0.00735294,0.05460760,0.00123301,0.02473424,0.05313146,0.04998964,0.00825779,0.01720589,0.03980332,0.06550618,0.00000000,0.05645937,0.01455127,0.02054346,0.06232017,0.00000000,0.05846173,0.00000000,-0.02123093,0.04217100,-0.01162789,-0.02801920,0.03359162,0.00000000,-0.01776310,-0.01543254,0.07619745,0.00000000,-0.05013204,0.06384434,0.05285505,0.00837478,-0.00114094,0.00000000,0.06365038,0.02446723,0.09009002,0.03711903,0.04735093,-0.08111897,-0.05665012,0.00466077,0.05869248,0.04899128,0.01422372,0.05742597,-0.03838686,0.00789708,0.03910154,-0.04207886,-0.00861670,0.00537611,0.00000000,0.02797577,0.03041205,0.02893271,0.00000000,-0.04129267,-0.04944027,0.10186360,0.00885966,0.00566332,0.05386688,0.03303306,-0.01485768,0.01769987,-0.00357582,0.04940372,0.00000000,0.06408049,0.01355940,0.10985861,0.00392538,0.07726884,-0.00331655,-0.01742392,0.00000000,-0.01284226,-0.03125003,0.06389056,0.00000000,0.02961113,0.00000000,0.03061185,0.02679020,0.04194329,0.02123146,0.03571426,0.01773703,0.05042721,0.03389846,0.00000000,-0.01466974,0.01293889,0.00000000
2017-08-31,-0.01558198,0.01065631,-0.00269378,0.03845157,0.00000000,0.00000000,-0.00138881,0.02361106,0.12063802,-0.03061214,-0.06546982,0.01849142,0.03171525,-0.05857547,-0.04606168,-0.02993058,-0.00285601,0.00163779,-0.03924214,-0.02531653,0.01719695,0.00000000,-0.01766305,-0.00876490,0.00324678,-0.05776175,0.00000000,0.03873902,0.00000000,0.00436668,-0.02343740,0.04248363,-0.10735593,0.04648614,0.00000000,0.02505665,-0.00062675,-0.02697236,0.00000000,-0.01383990,-0.01891717,-0.05181459,0.00581420,-0.02778810,-0.01063830,-0.00848825,-0.01533920,-0.02148747,0.03579052,-0.04319732,-0.01331822,-0.02976520,0.02430556,-0.18877204,-0.02609902,-0.08353643,0.00480960,-0.03588714,-0.01077383,-0.03039850,-0.01527280,-0.02669193,-0.01236793,0.00000000,0.05393376,-0.05648987,0.01713537,0.00000000,0.05898878,0.04906768,-0.01017267,-0.01274765,0.01327453,-0.00227740,-0.00862243,0.02622938,0.03671719,-0.01076560,-0.01749159,0.00000000,-0.02429983,-0.04471363,-0.02225487,0.01075272,0.02097226,-0.01164724,-0.05667604,0.04336769,0.06194686,0.01623123,-0.06863272,0.00000000,-0.05246371,0.00000000,-0.05445533,0.01897519,0.01376044,-0.00818622,-0.06064209,0.02704324,0.08218071,0.03278685,0.00000000,0.03649091,-0.01520676,0.00000000
2017-09-30,0.00924719,0.07646539,0.03848753,0.02752266,0.00000000,0.00000000,0.05674539,-0.07951138,0.07829193,-0.01531126,0.03389831,0.01194461,0.10037624,0.01177393,-0.00349849,0.01872790,-0.06164383,-0.01553568,0.04225356,0.06790803,0.06931540,0.00000000,-0.02259102,0.04773111,-0.04530758,0.10249056,0.00000000,0.02303485,0.00000000,0.00217401,0.04984613,-0.01111318,0.08611730,0.00298701,0.00000000,-0.10000003,0.04767876,0.03950105,0.00000000,-0.23661977,0.04787251,0.05326384,0.00908339,0.05011739,-0.00768049,-0.01785493,0.00156482,0.05405404,-0.05827752,0.04697979,0.11068279,0.08261575,-0.07627103,0.18685129,0.05500731,0.02966732,0.02889087,0.11083225,-0.09721969,-0.00115293,-0.01890698,0.06126615,-0.00000000,0.00000000,-0.03037995,-0.07366298,0.01252719,0.00000000,0.01149409,0.03274112,0.06224681,-0.02812068,0.06510506,0.02231800,0.00000000,-0.03354687,0.01874992,-0.00604601,-0.01597380,0.00000000,-0.04385511,0.08206640,-0.00386018,0.03771753,-0.00371713,0.03451180,-0.02430912,-0.00244522,0.03750016,-0.02380949,0.00978700,0.00000000,-0.00607102,0.00000000,0.04188485,0.04841721,0.06158848,-0.01886781,0.04746834,0.05441760,-0.02255651,-0.00793643,0.00000000,0.01394168,0.00185283,0.00000000
2017-10-31,-0.00853490,0.04636933,-0.02600760,0.02840893,0.00000000,0.00000000,0.04948680,0.13472869,-0.00297045,-0.01829935,-0.07322414,0.02927289,-0.14652218,-0.03827255,0.03452083,0.00592240,0.05422301,-0.00153737,-0.01148645,-0.01772891,-0.17312242,0.00000000,-0.03547078,0.05086052,-0.05804886,0.02215463,0.00000000,-0.02680507,0.00000000,0.01532618,0.01328645,-0.02346222,-0.04647991,0.15306734,0.00000000,-0.03950586,0.05868285,0.07066665,0.00000000,0.16974188,-0.00761419,-0.03502572,0.01718493,0.03803145,0.09133127,-0.00369815,0.11562494,0.03952980,0.05257386,0.01666648,0.01874983,0.03131983,-0.05412846,0.07871723,-0.03542780,-0.30403879,0.07699298,0.03426208,-0.00668383,0.02731822,0.02815427,0.00826796,0.06137198,0.00000000,-0.01801549,0.01997084,-0.01568372,0.00000000,-0.09440553,-0.08333350,0.01553238,-0.01107067,0.05292591,0.00728770,0.00879764,0.00132291,-0.03056914,0.02189783,0.03666403,0.00000000,-0.02661384,-0.00716655,0.04113283,-0.03821052,0.01305976,-0.02359635,0.00453352,0.00122561,-0.04417682,-0.02845539,0.07012532,0.00000000,0.02705072,0.00000000,0.00642083,-0.07726462,0.03923056,0.00213680,0.02598190,-0.08823522,-0.03846161,0.02265211,0.00000000,0.04888897,-0.02512771,0.00000000
2017-11-30,0.00093041,-0.05996590,-0.05507362,0.02959793,0.00000000,0.00000000,-0.00601963,-0.02489720,0.04932155,0.01188139,-0.05896227,-0.01055040,-0.03874419,0.04060237,-0.01629340,-0.04405697,-0.03461916,0.04658908,-0.01492003,-0.05161099,0.09847023,0.00000000,-0.00622184,0.00967980,0.02447797,0.03314912,0.00000000,-0.02839995,0.00000000,-0.02136756,-0.02236782,-0.02337683,0.13691762,0.02324380,0.00000000,-0.10013079,-0.01527163,0.05479449,0.00000000,-0.12302842,-0.01662406,-0.11485348,-0.00315364,0.01005726,0.08794326,-0.00040861,-0.03011197,0.09455287,-0.06243484,-0.04445152,-0.01840474,-0.05784520,0.00290982,0.01351357,-0.02217605,-0.08542249,0.00672811,-0.02293403,-0.03302368,0.00074912,0.01625435,-0.03353349,0.01133803,0.00000000,0.00478570,0.00605226,-0.02471349,0.00000000,-0.04633197,-0.03063229,0.02627922,-0.04837246,-0.02088473,-0.03645323,-0.02025183,0.00792607,-0.03164572,0.00000000,0.00377961,0.00000000,-0.01687012,-0.03091202,-0.01231026,-0.03682172,0.01012900,-0.04666668,-0.01579518,0.01346388,0.06722694,0.00847079,-0.01758106,0.00000000,0.03143582,0.00000000,0.00624241,-0.03801737,-0.07070715,-0.03823953,0.00058892,0.02860619,0.01600007,0.02062580,0.00000000,0.04727212,-0.00575436,0.00000000
2017-12-31,0.01487685,0.07923774,-0.02507938,0.01858930,0.00000000,0.00000000,-0.03356044,0.07969053,0.03843502,-0.00880641,0.00062678,0.01715340,-0.08964554,0.04961230,0.02760524,-0.00974663,0.09528692,0.09936402,0.02997850,-0.02091846,-0.08398633,0.00000000,-0.02604566,0.02064911,0.01756853,0.02879471,0.00000000,0.04359324,0.07674405,0.02401737,-0.02426035,0.03523970,0.00094579,0.04391705,0.00000000,0.05999985,0.00287204,0.00767409,0.00000000,0.17985596,-0.01170358,0.01748988,0.11138035,0.02963184,0.02086050,0.04482299,0.05703957,0.07614726,0.01396477,0.01121757,0.05312490,-0.04297754,0.03511564,-0.05200009,-0.01842666,0.30659907,0.05012532,0.03315939,0.07922904,0.02282941,0.05662797,0.03121260,0.04271123,0.00000000,0.00370497,-0.03067504,0.02262484,0.00000000,0.02226725,0.01223219,-0.02127090,0.04942361,0.00506116,0.05470350,-0.00593469,0.02490145,0.01960763,0.00714291,0.02501349,0.00000000,-0.00837637,-0.02906262,0.01913041,-0.03118719,0.07019137,-0.01923088,0.22162761,0.00845424,0.03568261,0.00414942,-0.01030365,0.00000000,0.00988483,0.00000000,-0.00248172,-0.01000509,0.05138350,-0.00221715,0.05591522,-0.07810655,0.03464574,0.12195125,0.00000000,0.04665590,0.01479122,0.00000000
2018-01-31,-0.02542353,0.01449812,0.09963775,0.03631238,0.00000000,0.00000000,0.06266334,0.06245386,0.01075431,0.01322813,0.14840303,-0.04284409,0.16927476,-0.01555885,0.00134350,0.06411692,-0.00654801,-0.03301043,0.09494108,0.06987950,0.11567731,0.00000000,0.11776790,-0.01878633,0.08701661,0.06021597,0.00000000,0.08595939,-0.07883374,-0.00199530,0.07115420,0.00578028,-0.06809454,0.05029018,0.00000000,-0.05121290,-0.01317290,0.17281792,0.00000000,-0.16463414,0.05065792,0.08838567,-0.03413229,-0.00310876,0.08812261,-0.02060239,-0.03415293,0.01047101,0.01959496,0.03295289,-0.03593799,0.02940381,0.02242989,-0.10267231,0.14097481,0.03185699,-0.05871132,0.03642264,-0.00615077,-0.00987924,0.00340932,0.02130410,-0.03655921,0.00000000,0.03532816,0.06833479,0.02566356,0.00000000,-0.01485159,-0.02074512,0.05204883,-0.10137554,0.03489229,-0.03247695,0.05074611,-0.02301786,-0.01184972,-0.02127669,0.00026257,0.00000000,0.15579716,0.10293149,0.05802042,0.03364478,-0.00953995,0.02183605,-0.07726002,0.00359271,-0.08745252,0.03966925,0.00602728,0.00000000,-0.03058746,0.00000000,0.00497502,0.01768575,-0.00375957,0.02222217,0.05351175,0.13923521,0.07990868,-0.00993767,0.00000000,-0.04058959,-0.05449972,0.00000000
2018-02-28,-0.13490021,-0.06192775,-0.06853385,0.04066794,0.00000000,0.00000000,-0.05641301,-0.04089221,-0.03546633,-0.01480899,-0.02235542,-0.02095239,0.01419958,0.06782051,-0.05767972,-0.08958771,-0.02071565,-0.06072372,-0.06075939,-0.01846853,0.03640599,0.00000000,-0.07706455,-0.03571404,-0.00254136,-0.03922167,0.00000000,-0.03335206,-0.00937864,-0.02393167,-0.02396680,0.00893994,-0.10774643,-0.20925413,0.00000000,-0.05227275,0.04468915,0.01098894,0.00000000,0.10948915,-0.03318710,0.00565541,-0.05563890,-0.05405411,0.11267606,-0.04507852,-0.01626586,-0.08635578,0.00880388,-0.08540740,-0.11627908,-0.02596733,0.16087752,-0.10031340,-0.02040831,-0.11709331,-0.13421217,0.05810713,-0.07466564,-0.02956375,-0.07773855,-0.01021401,-0.00837052,0.00000000,0.02571948,-0.03180723,0.01509934,0.00000000,-0.05678382,-0.02756078,-0.03263180,-0.01663876,-0.06951684,0.02354704,-0.01353379,0.02814133,0.00519039,-0.01676568,-0.03961193,0.00000000,-0.09848474,-0.05281660,-0.07284954,-0.01627480,-0.01685599,-0.00392505,-0.09830507,-0.04295938,-0.10666671,-0.00149083,0.05119832,0.00000000,-0.02860768,0.00000000,-0.00976323,0.03773574,0.01433959,-0.06508625,-0.04391534,-0.01690528,0.00845677,-0.04454210,0.00000000,-0.05439425,-0.02680948,0.00000000
2018-03-31,-0.02281992,-0.04414031,-0.06579420,-0.04466133,0.00000000,0.00000000,-0.04489100,-0.07789986,0.00719427,-0.01918520,-0.02704973,0.01945529,-0.09333770,-0.03269628,0.02715762,-0.06690866,0.10207986,0.02241201,-0.04582229,-0.07954725,-0.06943284,0.00000000,-0.03489538,0.06315951,-0.08585673,-0.17224046,0.00000000,0.08108114,0.05313610,-0.01050796,-0.16473316,-0.01265842,-0.14196960,-0.00087336,0.00000000,-0.01184221,0.00444474,-0.03478253,0.00000000,0.06973682,0.01198175,-0.06281809,-0.08590520,0.05860804,-0.02531646,-0.07209579,0.04672894,-0.07183364,-0.08578119,-0.05373676,-0.08397829,-0.01572914,-0.13448809,-0.00174225,-0.04602697,-0.02473365,-0.07880820,-0.01216697,0.01100315,-0.01827925,-0.03477744,-0.06017457,0.00291492,0.00000000,0.02432962,-0.02490985,0.05737348,0.00000000,-0.01360372,-0.05109852,-0.01958618,-0.02538112,-0.03324658,-0.08689572,-0.02880138,-0.02769820,-0.05163520,-0.01228493,-0.02819990,0.00000000,-0.03738098,-0.06564314,-0.07429824,-0.04756345,0.05198016,-0.01809340,0.02255634,0.01256593,0.14925373,-0.06369455,0.00808294,0.00000000,-0.05889983,0.00000000,0.00999978,-0.04264353,-0.16889874,-0.04186042,-0.07055895,-0.02625228,-0.02026572,0.03939578,0.00000000,0.07190413,0.04476564,0.00000000
2018-04-30,0.01595016,0.05149147,0.03256349,0.11249098,0.00000000,0.00000000,0.07121039,0.08197570,0.05079357,0.06715072,-0.00085994,0.08015265,0.07081999,0.00363179,0.03811490,0.07150855,0.03228629,0.04735217,-0.03207571,0.06332075,0.05783666,0.00000000,0.06452228,0.04029306,0.07038323,0.01574345,0.00000000,0.02553198,0.09232898,0.03730950,0.09814820,0.03878237,0.00353170,0.05618833,0.00000000,0.03640786,0.14932410,0.04390199,0.00000000,-0.05531715,0.07136001,0.02932527,0.04730444,0.08442906,0.01298701,0.09017147,0.02266490,0.10590625,0.09615831,0.05142086,0.02540018,0.03764891,0.05058240,0.16753910,0.06890141,0.08368442,-0.03413900,0.05559240,0.05474333,0.04773957,0.09763496,0.00030354,0.06790084,0.00000000,0.04217161,0.06775267,0.02893902,0.00000000,-0.00464845,0.00314252,0.10127605,0.00712451,0.04404975,0.06434298,0.06405643,0.03077927,0.02371836,0.00995000,0.05397797,0.00000000,0.00852176,0.02622741,0.03414792,-0.05649586,0.07485040,-0.05950089,0.05996331,0.00985228,0.03896115,0.03911579,0.02534923,0.00000000,0.04628758,0.00000000,0.00013625,0.02112293,0.05487747,0.07281543,-0.00148852,0.07721262,0.07061359,0.05326164,0.00000000,0.03378866,0.04937466,0.00000000
2018-05-31,-0.04051481,-0.10543609,-0.06044954,-0.10441518,0.00000000,0.00000000,-0.06451434,-0.10587642,0.07477337,-0.03440441,-0.09994973,0.01060065,-0.26421343,-0.04829910,0.00144628,-0.13239238,0.01098885,0.00832812,-0.09234217,-0.12446891,-0.12310876,0.00000000,-0.09977724,-0.00281701,-0.04947920,-0.18366004,0.00000000,-0.05705399,0.02158712,0.02047780,-0.05081348,-0.04938278,-0.18571910,0.00275939,0.00000000,0.00131448,0.02685091,-0.13630855,0.00000000,-0.08333340,-0.08244197,-0.14096226,-0.01050712,-0.02483301,-0.02991453,-0.00651582,0.00886124,0.05524886,0.01210712,-0.10861484,-0.11792444,-0.02588585,-0.03775547,0.02989549,-0.14570923,0.25504442,-0.00351280,0.01545378,-0.05948992,-0.00074073,-0.01768858,-0.02242529,0.01156072,0.00000000,0.04125121,-0.10124821,-0.05984281,0.00000000,-0.03794517,-0.05124180,-0.07382217,-0.00689660,0.01813469,0.01511358,-0.00101796,-0.01524787,-0.00177307,-0.01221909,-0.03387570,0.00000000,-0.11589303,-0.14386773,-0.01938809,-0.03709093,0.01299891,-0.01367342,0.05549779,0.02451409,0.03749986,-0.00808306,-0.10014791,0.00000000,0.04883424,0.00000000,0.01980189,-0.04006268,-0.11078109,-0.00437815,-0.07843743,-0.21364182,-0.00190912,0.01919639,0.00000000,0.00245524,-0.01652899,0.00000000
2018-06-30,-0.07075634,0.00000000,-0.02597979,-0.03567433,0.00000000,0.00000000,0.00362855,0.01303620,0.02208984,-0.01331227,-0.04605950,0.02185321,0.13178656,-0.04177655,0.03933347,0.04024668,-0.02006681,-0.00844407,-0.03970222,0.00244999,0.14720919,0.00000000,0.01925210,0.02507081,0.01780833,-0.06084870,0.00000000,0.06158221,-0.02018472,0.01337787,-0.01453700,-0.05974013,0.00709851,-0.02806807,0.00000000,0.03625731,0.02749485,0.13069900,0.00000000,-0.19602278,-0.01237122,-0.02007855,0.03536247,0.00785342,0.11233480,-0.01373843,0.01531316,-0.03822163,-0.05477336,-0.01043503,0.01069506,-0.00191472,-0.03167755,-0.07982577,-0.01113539,0.02765270,-0.01740463,-0.00097667,0.02952362,-0.01408412,-0.03211282,-0.00253119,-0.03884424,0.00000000,-0.00133992,0.03068170,0.05685186,0.00000000,0.00060684,0.01745266,-0.02531410,-0.06232109,-0.06906579,0.01885828,0.01562486,-0.02858789,0.03552415,0.04239419,-0.04224180,-0.04657906,-0.00173867,-0.00173919,-0.02440516,0.07200403,0.02260967,0.03000207,-0.05586605,0.01904784,-0.06024085,0.01815181,0.00610469,0.00000000,-0.03733229,0.00000000,-0.00485405,0.04637198,0.00572802,0.00454532,0.03198649,0.01146147,-0.01150205,0.01353718,0.00000000,0.00991084,0.04137070,0.00000000
2018-07-31,-0.04114189,0.06660680,0.05072172,0.09852043,0.00000000,0.00000000,0.06846663,-0.02252003,0.01492536,-0.00793656,0.08374182,0.09409745,0.08280239,0.02624347,-0.02298657,0.03490294,-0.04266213,-0.01785187,0.05857016,0.04662527,0.01572131,0.00000000,0.06772797,0.09300707,0.06864054,0.12483253,0.00000000,-0.02641296,0.16952790,-0.00976687,0.02783735,0.10911614,0.21318565,-0.01755401,0.00000000,0.07223465,0.16504488,0.03908204,0.00000000,0.04063620,0.05775928,0.05523995,0.00209933,-0.00519467,0.14851485,0.02785994,0.04786869,-0.03629753,0.05218733,0.06278402,0.13852821,0.05069884,0.02599664,-0.02208204,0.05932054,-0.05068852,-0.01793711,-0.01042690,-0.01473510,-0.01240598,0.00062019,-0.01062646,0.01729737,0.00000000,-0.01655121,0.04023184,0.01565634,0.00000000,0.10430559,0.08391284,0.08553385,0.01481494,-0.00273326,0.05942547,-0.00879097,0.01772535,-0.02904736,0.00239235,0.04064569,0.06748568,-0.00487641,0.06389589,-0.01424966,0.10474405,-0.00657336,0.09130169,-0.04141989,0.00000000,-0.06388828,0.01620723,0.05927645,0.00000000,0.05054460,0.00000000,0.00501091,0.08550591,-0.33554849,0.00452503,0.06460029,0.06071628,-0.01163577,0.01742168,0.00000000,0.01594709,0.12228408,0.06372549
2018-08-31,0.01496296,0.01136341,-0.01922601,-0.05590482,0.00000000,0.00000000,-0.02907892,-0.02468453,0.07633053,-0.02981541,-0.04698918,0.01641910,-0.28705880,-0.09402593,-0.00919256,-0.14572084,0.05978790,-0.03726144,-0.05288852,-0.09089274,-0.20539614,0.00000000,-0.02426079,0.04254659,0.00503780,-0.11812467,0.00000000,0.01193705,0.08238527,0.00333316,0.00671279,-0.05853074,-0.13282074,-0.00952961,0.00000000,0.03908046,-0.01879213,0.02139305,0.00000000,-0.10016970,-0.05624997,-0.07530822,0.00782236,0.00195790,-0.07758621,-0.08422670,0.05450846,-0.01224113,-0.05403109,-0.09422407,-0.01689918,0.07642142,-0.08227602,0.04999985,-0.19229319,-0.20896492,-0.04274799,0.04170544,-0.02789573,-0.03180332,-0.04245455,-0.04920649,-0.01955921,0.00000000,0.05166685,-0.05578270,-0.04940721,0.00000000,0.01867119,0.05645870,-0.00834180,-0.03102197,-0.05513087,-0.04505755,0.02227149,0.03047911,0.00000000,-0.02124541,-0.03867740,-0.08887833,-0.07455359,-0.11028118,-0.01209359,0.03741473,-0.01014131,0.02024849,-0.06134738,0.00011300,-0.00684927,0.04954643,-0.03987652,0.00000000,-0.06123490,0.00000000,-0.00970882,0.02209407,0.01785750,0.03167679,-0.07232615,-0.18003158,-0.06509705,0.01198625,0.00000000,0.06713346,0.00663723,0.13709677
2018-09-30,-0.03471105,0.00514373,0.05108608,0.07793201,0.00000000,0.00000000,0.04552391,0.02362205,-0.00325308,0.00927804,-0.05040169,-0.05153847,0.09478124,-0.02231071,-0.02253148,0.02234648,-0.03952908,-0.02957835,0.00687288,0.04149376,0.04974959,0.00000000,0.01994289,-0.02233013,-0.00877193,0.10190297,0.00000000,-0.04021455,-0.00830662,0.00498360,0.06461251,-0.06066819,0.01298692,0.02677518,0.00000000,-0.02431616,0.00785725,0.12177284,0.00000000,0.00377354,0.03729524,0.04909188,-0.07262640,-0.02280098,0.12149533,0.00134559,-0.02373894,0.03908496,0.04997773,-0.03967014,-0.00687547,-0.00484597,0.06556088,-0.00921646,0.03454761,0.01216473,-0.03315834,-0.10419423,-0.03599547,0.03106580,-0.01197410,-0.00050590,-0.03631436,0.00000000,-0.00821791,0.06419859,-0.02827441,0.00000000,0.01940688,-0.01963571,0.04315943,-0.02824867,0.03605448,-0.02214722,-0.04555306,-0.04758282,0.00530053,0.00000000,0.01412096,-0.04643543,0.01285925,0.01107750,0.00650412,0.01680332,-0.03099366,0.01262972,0.03017389,0.00011543,0.07241371,-0.08966554,0.03946746,0.00000000,0.01104729,0.00000000,0.00980401,0.03524441,-0.06245601,0.00000000,0.02411647,0.04262496,0.04074074,0.00743748,0.00000000,-0.04774830,-0.07472534,-0.00709220
2018-10-31,-0.22625847,-0.07462690,-0.08541892,-0.02863269,0.00000000,0.00000000,-0.03937512,-0.03241761,-0.04308094,-0.12461688,-0.16269255,-0.06812650,-0.21761647,0.00419151,-0.03107727,-0.09296611,-0.07618212,-0.04008532,-0.12542662,-0.12483401,-0.15797407,0.00000000,-0.09065507,-0.00785687,-0.06927925,-0.07086361,0.00000000,-0.00837988,-0.06410267,-0.01639430,-0.04362840,-0.03098592,-0.11975984,-0.11876411,0.00000000,-0.01557615,-0.05067403,-0.19704719,0.02609890,-0.11654141,-0.04032263,-0.12144970,0.04274395,-0.09666669,-0.13333333,-0.03706066,-0.01033425,-0.12660575,-0.06693601,-0.06294719,0.00995219,-0.03408830,-0.10303942,-0.17054268,-0.11267622,-0.05310821,-0.16851708,-0.05648461,-0.03418615,-0.04080862,-0.01735998,-0.03458759,0.01406059,0.00000000,-0.05909299,-0.02146562,-0.03472909,0.00000000,-0.18582755,-0.17829862,-0.01118907,-0.01917936,-0.05439977,-0.08113601,-0.01363646,-0.10872779,-0.03679124,-0.01463438,-0.10741681,-0.13760248,-0.12994802,-0.02439122,-0.13408720,-0.04514302,-0.03637492,-0.11322948,-0.06008266,-0.04205613,-0.10289388,-0.02337225,0.00397351,0.00000000,-0.11407346,0.00000000,-0.02414105,-0.06445764,0.08554584,-0.04352892,-0.09096780,-0.12712112,-0.19501790,-0.04535282,0.00000000,-0.03944869,-0.00983625,-0.02857143
2018-11-30,-0.01885436,0.03778793,-0.03177956,-0.09414145,0.00000000,0.00000000,0.01116902,0.05374061,0.03069571,-0.05017499,-0.00275589,0.09225412,0.24503298,-0.05576818,-0.05248439,0.02722624,0.05971565,-0.04628370,0.07305392,-0.03804450,0.07176898,0.00000000,0.03531744,0.00855243,0.02173929,-0.08790021,0.00000000,0.00000000,-0.00456592,-0.02521028,-0.02822934,0.02906978,-0.06796907,-0.06497270,0.00000000,-0.00619785,-0.03079551,0.02422654,0.03882195,0.02234034,0.04271723,-0.00061579,-0.00466941,-0.06568284,0.05769231,0.03008180,0.03562637,0.06617656,-0.05078573,0.01946556,0.03470430,0.01535253,-0.01590893,0.08971975,0.04864324,0.01043475,-0.04599418,-0.09058688,-0.04675935,-0.02624256,-0.03599985,-0.03250606,-0.02107588,0.00000000,-0.06535348,-0.04500754,0.00676906,0.00000000,0.02585096,0.01507751,-0.01131584,-0.10276673,-0.07698815,-0.07341896,-0.03907202,-0.00497921,0.00547433,-0.01475412,-0.01910230,0.00241679,-0.03261821,-0.00238378,-0.05708948,0.00042230,-0.01854863,0.00713285,0.01518185,-0.02634137,0.07526881,-0.05459379,0.00329820,0.00000000,-0.00789327,0.00000000,0.00000000,0.02620082,0.07172403,-0.01369872,-0.04222854,0.00618586,-0.05835529,-0.02170089,0.00000000,0.05813952,0.00788367,0.00840336
2018-12-31,-0.03259225,-0.08792197,-0.14022617,-0.17042924,0.09386364,0.00000000,-0.06091156,-0.01455513,-0.04434144,-0.07739568,-0.12169482,0.00398409,-0.04835585,-0.07588408,-0.03028102,-0.07622562,-0.09928460,-0.05561462,-0.03689701,-0.11042270,-0.06529564,0.00000000,-0.12957352,0.02606796,-0.04255318,-0.23967914,-0.00483092,-0.08338025,-0.01853209,0.00344855,-0.12349534,-0.02401147,-0.13592942,-0.08496760,0.00000000,-0.01910825,0.04289501,-0.07307284,-0.11082474,0.10718019,-0.01947634,-0.14294518,-0.05083537,-0.08478479,-0.01818182,-0.02619268,-0.03855263,-0.07872577,-0.07204402,-0.11924359,-0.14824002,-0.05793840,-0.07360399,-0.06861058,-0.05283191,-0.10068856,-0.08180398,-0.07449120,-0.01082139,-0.05675791,-0.06777327,-0.06340322,-0.01405886,0.00000000,0.00719068,-0.05735609,-0.03316903,0.00000000,-0.07939729,-0.07686614,-0.07372891,-0.06804250,-0.00687453,0.01214564,0.02158261,-0.06021688,0.00725969,-0.05125610,-0.08990572,0.01912150,-0.09408661,-0.05065714,-0.03324104,-0.09177235,-0.02420415,-0.01945151,-0.09051564,-0.00200403,0.00022918,0.03435773,-0.01249167,0.00000000,-0.06116372,0.00000000,-0.04975103,-0.06501178,-0.03153217,0.00000000,-0.09336782,-0.13103805,0.07981218,-0.03357308,0.00000000,-0.07435129,-0.01083033,-0.04583333
2019-01-31,-0.01986350,0.05744898,0.05609745,0.09879876,0.07874514,0.00000000,0.05584110,0.10557989,0.06925202,0.10279644,0.16110734,0.13095238,-0.14044715,0.05089025,0.06397600,0.11530571,-0.01886778,0.07555120,0.04616893,0.03774538,-0.12128415,0.00000000,0.04235145,0.04928084,0.03124972,0.08265605,0.00000000,0.09772580,0.04692430,-0.01360678,0.07354996,-0.00434137,0.11181275,0.07255655,0.00000000,0.04112529,0.11577508,0.08088405,-0.07246377,-0.00375936,0.04760288,-0.02444295,0.11015051,0.08865596,-0.01851852,-0.01236683,-0.12523130,0.08663095,0.09852595,0.09585540,0.25522594,0.05724178,0.10904571,-0.02394121,0.02835332,0.07129193,0.10907844,0.03228836,0.07558416,0.12294381,0.11127616,0.11668269,0.07873566,0.00000000,0.12727729,0.04655165,0.08576706,0.00000000,0.09078404,0.10176995,0.06091943,0.04255324,0.11167509,0.07428577,0.04470549,0.12673060,0.03796406,0.03495764,0.05955777,0.03786385,-0.00109981,0.05583350,0.06876792,0.10104554,0.09921839,-0.00101714,0.07918664,0.04919665,0.04666672,0.01398639,0.05614724,0.00000000,-0.00635604,0.00000000,0.04727174,0.03716823,0.04651205,0.04629610,0.05026562,0.01960782,-0.10869564,0.12965254,0.00000000,0.10659260,0.10766419,0.04803493
2019-02-28,-0.01947148,-0.01841633,0.12782409,0.05488651,0.11922166,0.00000000,0.05775461,0.04403767,-0.04145062,0.02197527,0.16124658,-0.04631581,0.26034523,0.03805392,0.01861127,0.05880083,0.10845577,0.05371476,0.15117399,0.09984127,0.25676530,0.00000000,-0.04912068,-0.01837839,0.01683514,0.15876051,0.03883495,0.01511759,0.13339307,-0.01393721,0.10125941,0.03342998,0.05357609,-0.03154568,0.00000000,0.00428683,-0.05885913,0.15145456,0.07187500,0.16415083,0.02615225,-0.00515839,0.04113684,0.08143589,-0.00471698,-0.04045744,0.12764443,0.03149613,0.11322997,0.12800606,0.07319904,0.03878112,0.00735878,-0.04716979,0.08732721,0.02858421,0.03451448,0.06074334,0.03975965,0.08172702,0.02436562,0.09740941,0.02557268,0.00000000,-0.01572392,0.02306447,-0.02561885,0.00000000,0.00870107,0.01935027,0.03737804,-0.00680265,0.10294735,0.04361697,-0.03033696,0.10113402,0.06770818,0.03899962,0.07034646,0.05846916,0.00210135,0.03969019,0.04749142,-0.00822805,0.02163852,0.07281050,0.02526062,-0.03827742,-0.04458604,-0.00678708,0.03824338,0.00000000,0.03667394,0.00000000,0.01999996,-0.17259887,0.00730178,0.01784359,-0.01167323,0.18616168,0.00487799,0.00549141,0.00000000,-0.02670623,-0.05107069,0.00000000
2019-03-31,0.06970610,-0.05722311,-0.04113232,-0.09390866,0.10824294,0.00000000,0.01370139,0.01243297,-0.00675689,-0.02551999,0.17852978,0.09639437,-0.13611643,-0.05774867,0.00925526,-0.06960183,-0.05936081,-0.02503034,0.03017934,-0.05426689,-0.01991880,0.00000000,-0.11224492,0.09071193,-0.03627902,-0.04893174,0.04672897,0.01103151,0.03844333,-0.01943452,0.00605517,0.06329121,-0.11040319,-0.01701030,0.00000000,-0.05279500,0.08800759,0.07322653,0.15743440,0.03241498,0.05129018,-0.04537032,-0.02008399,-0.04210514,-0.03317536,0.01696877,-0.02439022,0.01622091,0.04123487,-0.07290208,-0.03644886,0.01503036,-0.10247550,-0.13069294,0.00092192,0.08206691,0.06880476,0.02905981,0.01546635,-0.01888801,0.05209094,-0.02203331,0.03750512,0.00000000,0.05413772,-0.01127240,0.02234868,0.00000000,-0.06441090,-0.14792584,-0.03315924,0.08904124,-0.06999422,-0.02217514,0.02549225,-0.03043392,0.05528445,-0.02857143,-0.03276662,0.12971243,-0.11352939,-0.03526542,-0.01177813,-0.08121363,0.01895690,-0.01533621,-0.05905354,0.01007406,0.05666670,-0.03819439,-0.01558384,0.00000000,0.05717832,0.00000000,-0.00000000,-0.14008627,-0.07280154,0.00000000,-0.04763775,-0.04496069,-0.06990287,0.00218465,0.00000000,0.08395858,0.08622660,-0.06562500
2019-04-30,0.05718738,0.08387837,0.13556163,0.08683474,0.26086993,0.00000000,0.08331657,0.07443809,-0.01687070,0.04196777,0.18811906,0.00738259,0.15104798,0.06206373,0.03481886,0.09571778,0.11844666,0.00848916,0.06823764,0.11358847,0.17659971,0.00000000,0.05651695,-0.05323005,0.06666657,0.16115945,0.03571429,0.04691759,0.04308913,0.03257903,0.05862684,-0.03008037,0.01501377,0.15350427,0.00000000,0.02295092,-0.00426040,0.02643981,-0.36272040,0.05965450,0.04848477,0.09485927,0.01085043,0.06508882,-0.03921569,0.07027089,0.07307694,0.10985937,0.08702261,0.09406662,-0.06014435,0.08120361,0.09654090,0.13895194,0.07646255,0.36413795,0.03731365,0.14825585,0.01051037,0.01094695,0.01571523,0.00725200,0.01251867,0.00000000,0.05535703,0.08916946,0.06774754,0.00000000,0.05890991,0.05653717,0.04833930,-0.03751485,-0.02995955,0.13399376,0.06214707,0.06642049,0.01243445,0.01622724,0.12845532,0.00525883,0.17979526,0.10454845,0.17209485,0.12599410,0.00742487,0.05657487,0.00627612,-0.06601010,0.00157738,0.02888080,0.06606326,0.00000000,0.09125424,0.00000000,0.00503987,0.17282058,-0.04382683,0.01565228,0.12980560,0.10225240,0.06889343,0.02691444,0.00000000,-0.03786220,-0.02663809,-0.04124861
2019-05-31,-0.04159203,-0.09680517,-0.10572944,-0.08822289,0.02955647,0.00000000,-0.03254804,0.02919395,0.05203431,-0.05797453,-0.09576846,0.02664888,-0.21084908,-0.09094221,-0.00257723,-0.10160598,-0.02777778,-0.10101032,-0.08785338,-0.07552245,-0.18327233,0.00000000,-0.02853119,0.05563679,-0.11340212,-0.21342991,0.01293103,0.03282946,0.14981809,0.03839422,-0.01450582,0.00136401,-0.15965615,-0.06590014,0.00000000,-0.02350455,0.08039411,-0.20954400,-0.07114625,-0.15555553,-0.04085510,-0.12613430,-0.04707215,-0.00310613,-0.03061224,-0.03286435,-0.02256345,0.11167536,-0.01821550,-0.14626630,-0.09478474,-0.07489539,-0.04927836,-0.19799996,-0.13698990,-0.00529559,-0.01945119,-0.10110347,-0.10227520,-0.07764225,-0.03789074,-0.08486501,0.00989110,0.00000000,0.05393687,-0.01757002,-0.01975310,0.00000000,-0.12069920,-0.10381268,-0.09251966,-0.08496723,-0.10809673,-0.07586212,0.01924425,-0.07114189,0.04109607,-0.01586900,-0.09077811,-0.10380811,-0.04131351,-0.12401645,-0.07830760,-0.07018317,0.02830175,-0.09773278,-0.10119785,-0.08016875,0.00472422,0.00537762,-0.03120531,0.00000000,-0.06687476,0.00000000,0.00487812,-0.11781894,-0.02347100,-0.00328430,-0.10878528,-0.17372259,-0.11548149,0.00796191,0.00000000,0.08807342,0.06294412,-0.02325581
2019-06-30,0.10213250,-0.00659967,0.03079189,0.06884765,-0.04063528,0.00000000,0.06607678,0.07853524,-0.01371419,0.02941177,0.13815142,0.00908502,0.06993430,0.00308010,0.04116038,0.01016944,-0.01517853,0.00838524,0.08458964,0.02177355,0.05880640,0.00000000,-0.08701958,-0.01497915,0.02761625,0.00269754,0.04680851,0.00873309,0.08823536,-0.00336123,0.04619561,-0.09945488,0.11384934,0.06508069,0.00000000,-0.00642899,-0.01895398,0.05756783,-0.23489360,-0.07017533,0.05377016,-0.01068568,-0.04867863,-0.02229304,0.05263158,0.01829206,0.03422977,0.05126151,0.05966441,0.05167612,0.09007773,0.08725322,0.10821927,-0.06982540,0.02628418,0.00709838,0.14809775,-0.00206612,0.00569151,0.05027320,-0.03249111,-0.01170087,0.03342476,0.00000000,0.03822870,0.01031972,0.02434949,0.00000000,0.00788888,0.00641876,0.04056426,-0.15118889,0.02854441,-0.09800985,0.02296472,0.05647459,-0.02485402,-0.04665324,0.08779693,0.06139425,-0.08276186,0.03251527,0.04487837,0.01970094,0.04673183,-0.01753639,-0.00459559,-0.05261342,0.04388720,-0.04013962,0.04463151,0.00000000,0.04921172,0.00000000,0.01941723,0.02612223,0.09104155,-0.00687295,0.00432909,0.06262277,-0.10080180,0.02632957,0.00000000,-0.10562173,0.02185228,-0.02619048
2019-07-31,0.01425684,-0.04544249,0.02228547,0.02261312,0.03865340,0.00000000,-0.00754712,0.05299305,-0.00193204,-0.02497014,0.00118125,0.06816719,-0.05698326,0.02857132,-0.00831830,-0.06457178,0.04533095,-0.05646366,-0.00154414,0.00993659,-0.05972658,0.00000000,-0.11239076,0.10673037,-0.05869866,-0.02468733,0.07723577,0.03113843,0.20120092,-0.02684540,-0.00865794,0.00151280,0.03834795,0.09884451,0.00000000,-0.00550672,0.07012524,-0.08338428,-0.37152393,0.05849041,0.01690840,-0.00067498,-0.03245599,-0.07410427,0.01600000,-0.00030451,0.00472814,0.00651702,-0.00089816,-0.01216175,0.06375855,0.03250390,-0.07951023,-0.08042897,0.04165794,0.11277524,-0.11526625,0.02194625,-0.04440717,-0.02857185,-0.02250059,-0.05760742,-0.03791464,0.00000000,0.20780170,-0.03033850,0.01229499,0.00000000,-0.08954287,-0.08039151,-0.03870047,-0.07968570,-0.01273844,0.00220612,-0.05918380,-0.01889998,-0.01339264,0.00531921,-0.01048950,0.03077373,-0.13106578,-0.05330235,-0.02524590,0.05982291,0.04656247,-0.05093607,-0.08541091,-0.04600467,0.00022406,0.01272724,-0.02700522,0.00000000,-0.10382519,0.00000000,-0.00462677,-0.05198996,0.04706299,-0.03619417,-0.04353460,-0.01570298,-0.08917212,0.05900440,0.00000000,0.05380945,0.02953162,0.03667482
2019-08-31,-0.16541879,-0.06522595,-0.03617815,-0.19287962,-0.03961596,0.00000000,-0.04705325,-0.15899345,0.04618366,-0.12782371,-0.05457234,0.11318483,0.08382703,-0.11326735,-0.08431359,-0.06315907,-0.01207215,0.00354331,0.01778783,-0.02714559,-0.04333633,0.00000000,-0.07785237,0.06615809,-0.03155522,-0.16290771,-0.00377358,0.03960383,0.10500043,0.00173307,-0.08864622,-0.14803626,-0.06647720,-0.02633391,0.00000000,0.03986709,0.09762646,0.04292709,-0.00884956,-0.10516926,-0.02197161,0.03827967,0.05197950,0.07387857,-0.11023622,-0.09931662,-0.08817055,-0.03884905,-0.01438202,-0.11352153,-0.01656164,-0.00086833,-0.10165864,-0.17201167,0.01673117,0.10108218,-0.08566704,0.08346834,-0.02612396,-0.16101145,-0.00287346,-0.06542063,0.01093493,0.00000000,0.04953245,-0.05014041,-0.01538466,0.00000000,-0.02458732,-0.01129029,-0.08272705,-0.00487809,-0.14478872,-0.11434208,-0.05955996,-0.06954696,0.03799382,-0.06223018,-0.19423339,-0.13671766,-0.01616919,-0.10950037,-0.08161792,-0.07357775,0.02730431,-0.00940345,0.03384657,0.06598951,0.04654661,-0.05554495,-0.01449879,0.00000000,-0.06709097,0.00000000,0.01435423,-0.04614229,-0.07140586,0.05386007,-0.05813421,-0.05593084,-0.06293692,0.01453524,0.00000000,0.02349756,0.09099886,-0.05188679
2019-09-30,0.14640984,-0.00061793,0.07218486,0.10222352,0.03375017,0.00000000,0.06658348,0.12145382,-0.00819454,0.12764732,0.07457112,0.00811249,0.02432362,0.10102507,0.06780884,0.10942195,0.09218632,0.14711654,0.04711262,0.08858290,0.10021703,0.00000000,0.16933528,0.02163855,0.09309543,0.03159527,-0.06060606,0.05428574,-0.02714924,0.01730084,0.12266408,-0.00151710,0.04549593,0.04860469,-0.02811113,-0.00625738,-0.01187973,0.03561510,-0.15178571,-0.00398410,0.07953869,0.09043580,0.07727668,0.00737098,-0.06415929,0.05613826,0.07096785,0.08907198,0.06383935,0.10428891,-0.00801913,0.04541499,-0.00875977,0.12147888,0.09146102,-0.01984411,0.04009360,-0.03178760,0.10462749,0.13114759,0.12247814,0.08609262,0.05945394,0.00000000,0.05090594,0.04349655,0.05345390,0.00000000,0.14613074,0.13882531,0.06828614,0.19117649,0.11943959,0.14791796,0.01268744,0.06846983,-0.02928230,-0.00112847,0.07821672,0.09167319,0.14304017,0.08619182,0.12637383,0.07254635,0.03286621,0.06714503,0.14843743,0.11683470,0.08751802,0.05323199,0.09394699,0.00000000,0.06711694,0.00000000,-0.01415110,0.12371150,0.16718131,-0.02385016,0.08421059,0.07554652,0.08955210,0.04308071,0.00000000,0.02759387,0.01178607,-0.00995025
2019-10-31,0.06193153,0.03183944,0.04892287,0.01545722,-0.10399057,0.00000000,0.02408225,-0.07960827,0.00826225,0.03981987,0.06968629,0.00321890,0.08697955,0.11569150,0.00479099,0.00979127,-0.05707397,0.06136861,0.11538443,0.04790678,0.13000578,0.00000000,0.06431542,-0.06427897,-0.01812046,0.00770379,-0.06451613,0.04607044,0.00000000,-0.02196985,0.01088341,-0.07815310,-0.05486830,-0.17882691,0.05910614,0.00750268,-0.11220726,0.03995069,0.23578949,0.30999990,0.02221584,0.01233104,0.05013311,0.04390246,0.04255319,-0.06648239,-0.10301203,0.02130582,-0.03300443,0.05456085,0.05092962,0.02785272,0.04514002,-0.12087916,0.03240647,-0.06236238,-0.03601558,0.01931248,0.09761781,0.06159436,0.07156623,0.04951958,0.06623765,0.00000000,-0.04844006,0.01173620,0.04615310,0.00000000,0.00830509,0.01174623,0.05009240,0.03421530,0.02456644,-0.02544660,0.05590745,0.01866050,0.06647585,0.00564976,0.07063860,0.00403385,0.10514487,-0.01326060,0.00650397,0.02254628,0.04119378,0.04860059,0.08418371,-0.05543724,-0.03034286,-0.00361013,-0.00768477,0.00000000,0.06289558,0.00000000,0.00013715,-0.04693004,0.00869829,-0.02268777,0.02736090,0.05064701,0.11164398,0.03021987,0.00000000,0.02491949,-0.04430222,-0.06432162
2019-11-30,0.04415136,-0.07189941,0.06247313,0.05572741,0.08771936,0.00000000,-0.00753419,0.02233676,0.04176580,-0.02745658,0.24321381,0.06684494,-0.00785462,0.02228837,-0.01397233,0.01238618,-0.09292421,-0.07251038,0.22903083,0.08887000,0.09683089,0.00000000,0.04444439,0.03929029,0.07519884,-0.01901912,0.04310345,-0.01122635,0.11627872,-0.00521762,0.04264311,0.12138759,0.00769949,0.05749140,0.21653710,0.03191479,0.03958360,0.11485157,-0.14310054,0.07786255,0.01953253,0.12220041,0.05491151,0.10436151,0.11111111,-0.01149219,-0.08462047,0.03028259,-0.05053204,0.03120046,-0.06961543,0.03180736,0.00297067,0.07500013,0.02426527,0.06572788,0.06333896,-0.14748577,0.01969926,0.06522561,-0.02455833,0.07658451,0.00345117,0.00000000,-0.01179175,0.02359991,-0.01742450,0.00000000,-0.01891386,-0.03964322,0.01960774,-0.03482592,0.06346943,0.07500006,-0.00215772,0.05864813,0.04101824,-0.05606883,0.02076360,0.07596772,0.02358231,-0.01585981,0.06591284,-0.11240806,0.05899079,-0.02751913,-0.04941179,0.00465647,0.10204058,-0.02173920,0.04840265,0.00000000,0.04562919,0.00000000,0.01913886,-0.07663850,0.12569304,0.03586474,0.04123714,0.10503174,0.12692542,0.11199987,0.00000000,-0.00880332,0.02649015,0.03651989
2019-12-31,0.03534254,0.04712714,0.04107939,-0.00610947,0.06451616,0.00000000,0.00483092,0.08823526,0.01294083,0.03689934,-0.07074223,0.08571424,0.00346373,0.04721942,0.00404851,0.04214163,0.04511269,0.10979840,-0.03906671,0.03649201,0.02002231,0.00000000,0.04441975,0.07317083,0.07464690,0.04865998,0.01652893,-0.00786023,0.12499995,-0.00349634,0.01680508,0.08591075,0.05699875,0.04118614,-0.03371779,0.00528708,0.04008037,-0.05062162,-0.13121270,0.24645891,-0.00728549,0.08595928,0.03514683,0.10449622,-0.02040816,0.02706912,0.04475407,0.05170181,0.02538112,0.02336262,0.15502271,0.00987740,0.00991627,0.17940198,0.02086490,0.06583445,0.12434798,0.04423172,0.03297168,0.07867556,0.03929990,0.02207686,0.01728446,0.00000000,0.12776483,-0.05453046,-0.01387787,0.00000000,0.12562180,0.11514088,-0.02927681,0.03377295,0.06233440,0.11989657,0.04864886,0.00469488,0.08695668,0.09523805,0.05266987,0.09334726,0.06772250,0.05456621,0.01060931,0.07257667,0.00357953,0.07340430,0.07962036,0.01123587,0.09278697,0.02419838,0.00369342,0.00000000,0.06982092,0.00000000,0.02816899,0.11828396,0.05880785,0.00000000,0.00866354,0.03645919,0.05850204,0.00719413,0.00000000,0.01501383,0.04331789,0.04145078
2020-01-31,-0.08107288,-0.03082604,-0.05377179,-0.09786082,-0.09083614,0.00000000,-0.01167571,0.04922789,0.06913829,-0.04848345,0.04276315,0.05586334,-0.08777123,-0.06479646,-0.06115585,-0.06311455,-0.02607906,-0.13170104,-0.07961628,-0.09057359,-0.07428053,0.00000000,-0.05646885,0.07545447,-0.11389231,-0.05745897,0.04065041,0.06426061,0.03333342,-0.00336501,-0.04101955,0.03006337,0.19762901,-0.02594935,0.12304861,0.01538454,0.06197803,-0.01075799,-0.07894738,-0.05568173,-0.04349011,-0.05771395,0.08279068,-0.05427848,0.07083333,-0.06774799,-0.07794943,0.08198771,0.00591979,-0.08074476,-0.04402297,0.03325523,-0.05393775,-0.02676066,-0.04385767,0.01400684,-0.05859369,0.01659386,-0.05252539,0.00825090,-0.09217126,-0.09135998,-0.03719332,0.00000000,0.01109668,-0.02033913,0.00078171,0.00000000,-0.01588389,0.00634596,-0.07155530,-0.06234423,-0.09155210,-0.01568976,0.05154622,0.01201612,-0.01615859,-0.00543477,-0.06694281,0.05650435,-0.21730777,-0.04718515,-0.03629259,0.08128972,0.01493529,-0.06164524,-0.06916307,0.10046672,0.02146892,-0.04520796,0.00275993,0.00000000,-0.01760398,0.00000000,-0.02023466,0.06310497,-0.02887187,0.03448284,-0.01840511,-0.07204318,-0.06869850,0.00952386,0.00000000,0.07374993,0.11395779,-0.06965174
2020-02-29,-0.08325030,-0.20865153,-0.11610787,-0.16298705,-0.08589758,0.00000000,-0.09752149,-0.14958605,-0.08294291,-0.11947784,-0.13474540,-0.01224303,0.07162155,-0.11464265,-0.06943436,-0.07154332,-0.01278100,-0.09664619,-0.09693234,-0.08866678,-0.13277111,0.00000000,-0.12083352,-0.06593409,-0.09392655,0.00211558,-0.09375000,-0.04714643,-0.16845890,-0.05281674,-0.12977570,-0.14439345,-0.04888941,-0.04743341,0.14595265,-0.07260970,-0.05080135,-0.10222200,-0.01863354,-0.03850785,-0.07587385,-0.12437981,-0.09514595,0.00067520,0.02334630,-0.05056152,-0.06626044,-0.08610796,-0.08736986,-0.12376575,-0.11456380,-0.09636519,-0.06464749,-0.03617932,-0.02093081,-0.20357793,-0.22199173,-0.16451888,-0.11023434,-0.14893640,-0.12072887,-0.11604159,-0.09043048,0.00000000,-0.03318011,-0.12413486,-0.08984387,0.00000000,-0.00350895,-0.00578039,-0.01783431,-0.17234040,-0.18163072,-0.05860297,-0.03913306,-0.08812670,-0.08005088,-0.09279631,-0.06286958,-0.14193372,-0.02800995,-0.06387173,-0.11173369,-0.03989932,-0.09817698,0.01901147,-0.18719214,-0.06908179,-0.10840705,-0.08035869,-0.15926607,0.00000000,-0.11232526,0.00000000,-0.02116150,-0.02360882,-0.08238854,-0.03736678,-0.11666660,-0.04502564,-0.07376596,-0.10927679,0.00000000,-0.05743110,-0.06740699,-0.02780747
2020-03-31,-0.18994231,-0.39839222,-0.38112859,-0.24649957,-0.12903229,0.00000000,-0.19466118,-0.22796240,-0.41824224,-0.23460654,-0.31354172,-0.20982739,-0.39470360,-0.36728529,-0.13681559,-0.32737345,-0.26922353,-0.32894210,-0.36820647,-0.37170269,-0.22200603,0.00000000,-0.26755704,-0.22309762,-0.11769292,-0.36509308,-0.24137931,-0.25043398,-0.15517211,-0.07992556,-0.24657603,0.04488339,-0.24241653,-0.15040919,-0.15447748,-0.27995659,-0.18891370,-0.12681695,-0.30379747,-0.49249060,-0.23677751,-0.40023453,-0.19155020,-0.12550610,-0.33079848,-0.13294534,-0.24551391,-0.43687184,-0.21408721,-0.44459284,-0.44038043,-0.04232132,-0.50188944,-0.24774786,-0.32299291,-0.50980951,-0.33308606,-0.15115682,-0.33285417,-0.25442293,-0.32026899,-0.36254979,-0.15097770,0.00000000,-0.03907076,-0.23135809,-0.41030032,0.14351878,-0.27704215,-0.25898520,-0.20233461,-0.61632385,-0.36803816,-0.37549812,-0.09183689,-0.09346072,0.10911614,-0.07831330,-0.18254408,-0.19178100,-0.40722947,-0.33333335,-0.12936805,-0.26531049,-0.06946692,-0.13826709,-0.16212117,-0.01287448,-0.18238194,-0.19979391,-0.18638151,0.00000000,-0.25199406,0.00000000,0.04285712,-0.23419688,-0.07084015,-0.07359307,-0.14660396,-0.38056852,-0.36526955,-0.29258600,0.00000000,-0.07657465,-0.03911553,0.03300330
2020-04-30,-0.01183094,-0.06467126,0.08849017,0.01555737,0.27053147,0.00000000,0.07649142,0.06334080,0.07817312,-0.09944139,0.17792104,0.08123254,-0.07208333,0.12527898,0.07501447,0.08283920,0.01382496,0.20345019,0.19784932,0.04234826,-0.19571449,0.00000000,0.00498312,0.02053581,-0.03621916,0.01979746,0.10454542,0.01910824,-0.01463711,-0.12105412,0.02584232,0.14137912,0.13553347,0.07141462,0.15105515,-0.05446281,-0.06878882,0.22316038,0.56909096,0.05302094,0.04875120,-0.07088855,-0.00645896,0.03086430,0.05397727,-0.09741344,-0.24043234,0.25822622,-0.01035098,0.04736972,0.13411391,0.07460079,0.07932882,0.10778448,-0.04393971,0.38051059,0.09300023,0.22350090,0.18893692,0.05611975,0.05036992,0.00749998,0.10403635,0.00000000,0.02424328,0.07356246,0.23144110,-0.01850795,0.13909988,0.12767458,0.07357703,0.12395297,-0.02081508,-0.02711313,-0.23033701,-0.04047962,-0.04101048,-0.11111132,0.08981172,0.04481803,-0.15790648,-0.08137964,0.06843803,0.19589141,0.08586401,0.08611972,0.00247308,0.08351639,0.06980250,-0.04375818,0.00999900,0.00000000,0.12085302,0.00000000,-0.02498255,0.04068563,0.00332144,0.00934581,0.14304686,-0.01651042,-0.06792433,0.09232685,0.00000000,0.00423537,-0.10353985,0.17145898
2020-05-31,0.16824978,0.02999993,0.07443024,0.02340426,0.00760476,0.00000000,0.02508040,0.12967851,0.00651725,0.02440020,0.02888812,-0.00362701,0.03322867,0.08819639,0.15091221,-0.06494800,-0.02979793,0.00667303,0.07540393,0.12484744,-0.02723761,0.00000000,0.02346129,0.02916282,-0.01191555,0.03764079,0.16255148,-0.07613636,0.00267365,-0.02988498,0.01136084,-0.03765081,0.11109484,0.06746636,0.09200865,-0.00480000,-0.02522446,0.03599599,-0.07300119,0.05620600,-0.00095118,-0.07208986,-0.03800760,0.07417085,0.22102426,-0.09731699,0.05380014,0.12588653,0.05229589,0.15934546,0.12373611,0.01995104,-0.11070455,0.12792784,0.09093466,0.24285699,0.14455619,0.17326734,-0.08489426,-0.02981434,-0.07667282,-0.07351122,0.08032972,0.00000000,0.07698496,-0.05266314,-0.10756523,0.15556896,0.04002047,0.00632509,0.05149576,-0.20417283,-0.00180934,0.13770499,0.01761327,0.02529145,0.00000000,0.10294133,-0.07221983,0.05071015,-0.28431630,0.00000000,0.11341386,0.01717734,0.01205410,-0.01284595,-0.01683714,-0.02217982,0.12624115,0.00538362,-0.06517374,0.00000000,0.07942227,0.00000000,0.01639348,0.02288500,0.00176761,-0.02762306,0.03344241,0.09062455,-0.00769230,-0.00799549,0.00000000,0.14938964,0.07107600,-0.00909091
2020-06-30,0.03600459,0.06324538,0.07719832,0.10311856,-0.02763617,0.00000000,0.11632474,-0.02659829,0.03156628,0.10456206,0.02080548,-0.07670303,0.15428050,-0.00711557,0.04466841,0.09702821,0.06715244,-0.05131335,0.06677802,0.09657416,0.03027453,0.00000000,0.13158677,-0.01360144,0.02504636,0.13310480,0.01327434,-0.03567031,-0.05333334,0.07701401,0.13626373,-0.09546158,0.12388797,-0.08251410,0.12916654,-0.06913186,-0.04473671,0.14374118,-0.14499998,-0.14634146,0.07889464,0.11850062,-0.02918575,-0.00348420,-0.00441501,0.02296674,0.06509991,0.01523900,0.00941457,0.06751620,0.10251450,-0.00109265,0.10768232,0.02076690,0.09739745,-0.10412437,0.02398080,0.03417721,-0.08715761,0.11284636,0.04078620,0.04368934,0.00391533,0.00000000,0.04084687,0.05243850,-0.00306384,0.05048428,0.01101798,0.01052804,0.07670132,0.17602991,0.10194849,-0.04394811,-0.02582503,0.04511519,0.01688320,-0.00786594,0.16380119,0.07451721,0.14227660,0.06723939,-0.00203060,-0.01248189,0.06598356,-0.00785291,-0.10642194,0.01659766,-0.04030231,-0.19009372,0.12192852,0.00000000,0.03700488,0.00000000,0.02534539,0.01186430,0.03176455,0.04761906,0.05873766,0.06809289,-0.07180741,0.08232610,0.00000000,0.05407483,-0.00552996,-0.02981651
2020-07-31,-0.06427511,-0.08374629,-0.03583288,-0.05540896,0.11772327,0.00000000,-0.03047972,-0.06423776,0.00196146,-0.03618414,0.05522663,0.01689665,-0.04292155,-0.12113267,0.04413798,-0.13936025,0.01804868,-0.05253632,-0.01486695,-0.03548195,-0.03616668,0.00000000,-0.04235725,0.07842570,-0.00814486,0.09629439,0.13537118,-0.05514868,-0.05633809,-0.02090197,-0.05814891,-0.01557071,-0.10314277,-0.05051654,0.22644317,0.11398973,0.02617068,0.02163949,0.33333326,-0.07272717,-0.06013376,-0.12270280,-0.06708880,0.01468519,0.16629712,-0.09614366,-0.00887646,0.04499624,0.06846038,-0.04872552,0.20818720,0.05064065,-0.06811187,0.04068863,0.00211313,-0.12905648,-0.11475408,0.25132597,0.04267651,-0.03123569,-0.12591616,-0.15685645,0.09686608,0.00000000,0.01507520,-0.03661612,-0.05284553,0.05825238,0.06798965,0.05286902,0.03678947,-0.02707018,-0.12828934,-0.11077623,0.00147293,0.02267057,-0.01778687,-0.00940868,-0.09273702,0.05138366,-0.06502760,-0.16826840,0.00542557,0.04882292,0.08290516,-0.06399821,-0.04243676,0.09183672,-0.03521878,0.14558397,-0.01779343,0.00000000,-0.01112502,0.00000000,-0.00886028,0.18911244,-0.05473179,0.01272725,-0.01925726,-0.05703462,0.03384607,-0.00106386,0.00000000,0.04093572,0.01390185,0.03546099
2020-08-31,-0.05245289,0.13667423,0.05685448,-0.04423062,0.04050912,0.00000000,0.03007599,0.07991799,-0.10297562,0.07226343,0.00965745,-0.04569371,0.11093616,0.11336498,0.02916293,-0.06977619,0.03066608,-0.00109232,-0.01270833,0.07181573,0.07926824,0.00000000,0.01208789,-0.05700586,0.02463502,0.11818809,0.08461538,0.02076119,-0.02985065,-0.03023506,0.01257121,0.03690651,0.05717291,-0.01181427,-0.22195115,0.08527130,-0.05727066,0.03462335,-0.09320176,0.08683484,0.02725133,0.04605679,0.02374504,0.07856638,0.09125475,-0.03521353,0.01509717,0.01484779,0.05440628,0.15400263,0.05517906,0.06736365,-0.02092979,0.10375922,0.05740400,0.22010391,-0.07552114,0.12823549,0.00260115,0.01563171,-0.05483220,0.07856194,0.02519721,0.00000000,0.03727405,0.04062929,0.07582266,0.01192657,0.02817539,0.02835600,0.08946305,-0.02618653,0.06415108,0.28813555,0.03980366,0.05105464,-0.00910295,0.06255469,0.10496814,-0.02221491,0.17024225,0.02996744,-0.02248325,0.01299623,-0.01685126,0.05122024,-0.07505386,0.00000000,0.01224503,-0.12698423,0.01226306,0.00000000,0.03990655,0.00000000,-0.00226747,0.03268060,-0.08323292,-0.02319371,0.02711551,0.06851434,0.28188791,0.03035122,0.00000000,0.08735041,0.03564888,0.02283105
2020-09-30,-0.04721751,-0.10420830,-0.12994872,-0.04843546,0.00333703,0.00000000,-0.09861159,-0.15037958,-0.06372767,0.01061167,-0.04844189,0.32095184,0.02337125,-0.12817072,-0.00513468,-0.03302085,-0.28916783,-0.07738597,-0.01045870,-0.15287833,-0.13602768,0.00000000,-0.01574392,0.17049474,-0.09082813,-0.13777504,0.02836879,-0.04338987,0.13538484,0.02896855,-0.07613025,-0.06779643,-0.10404975,-0.06160750,0.09216304,-0.12857136,0.17987663,-0.07440951,-0.03748487,-0.04639182,-0.07535576,-0.16669125,-0.00762091,-0.05047930,-0.04529617,-0.08677866,0.12603981,-0.12728616,0.06247337,-0.10978820,0.01284394,0.06456287,-0.03087866,0.06267031,-0.11200973,-0.07670446,0.06870230,0.09160303,-0.09617707,-0.13322578,-0.13089195,-0.07037023,-0.06250002,0.00000000,0.00863629,-0.15806050,-0.05252666,-0.07524921,-0.03910530,-0.01895727,0.01584791,-0.17058819,-0.05984101,-0.08223685,-0.11456872,-0.00549129,-0.02624652,0.00638601,-0.09210002,-0.10374659,-0.12123016,-0.14129245,-0.07004845,-0.07114537,-0.02141057,-0.13445178,-0.13523926,0.00011775,-0.01881730,0.06611533,-0.06002204,0.00000000,-0.04980611,0.00000000,-0.04078028,-0.04010364,-0.24934212,-0.03492631,-0.06235758,-0.14606058,0.06218898,-0.13281648,0.00000000,-0.02366660,0.20741407,-0.11249999
2020-10-31,-0.00663717,-0.01482119,-0.09234483,0.04279288,-0.06873609,0.00000000,-0.07676332,-0.00558339,-0.04032625,-0.09870478,-0.05998699,-0.07864675,0.07335625,0.09169142,0.01041925,0.03794266,-0.03858725,0.03319509,-0.04715451,-0.03615823,-0.24422699,0.00000000,-0.13844443,-0.09117638,0.05523987,-0.03529685,-0.02068966,-0.13465613,-0.06504071,-0.03941442,-0.12525350,-0.04703761,0.09888730,-0.06478267,-0.02669347,-0.11475415,-0.08356584,-0.00042529,-0.00502514,-0.08108111,-0.04282739,0.02845034,-0.03672791,-0.05921919,0.10583942,0.07645102,-0.07723289,-0.01844080,-0.03572134,-0.03268947,-0.01268106,-0.08960817,0.00385131,0.01923090,-0.11441056,-0.02538478,0.03660720,0.00137117,-0.02526314,-0.01884794,-0.09261561,0.06336544,-0.02792799,0.00000000,-0.06737271,-0.03216171,-0.18947369,0.00980388,-0.00416225,-0.02386165,-0.06583467,0.28672742,0.17114617,0.10322566,-0.00479238,-0.03748898,-0.02955362,-0.09263958,-0.14986468,-0.04680169,-0.11843860,0.06951766,-0.03005553,-0.04193869,-0.03260407,-0.04248546,-0.06523688,-0.01401870,0.00684928,-0.04496092,-0.03719976,0.00000000,-0.03415694,0.00000000,-0.02369674,-0.00881060,-0.16368630,0.01904739,0.03349510,-0.09141232,-0.14676032,-0.00715141,0.00000000,-0.06418574,-0.13352905,-0.04426561
2020-11-30,0.20668129,0.22764694,0.42642291,0.35464355,0.00714291,0.00000000,0.30848673,0.18454434,0.41316475,0.24737873,0.21904094,0.02241296,0.19310133,0.26276259,0.05619394,0.59626315,0.24285694,0.35312672,0.29778162,0.43912248,0.44051154,0.00000000,0.37451982,0.14401303,0.20148550,0.28800973,0.07746479,0.31040126,0.15072466,0.01770714,0.42840564,0.02099234,0.18250865,0.09437465,0.13214518,0.35185158,0.19697637,0.11787238,0.09722228,0.20588231,0.24413553,0.43350512,0.11376697,0.01001423,0.07920792,0.19627191,0.31368219,0.39709657,0.11394377,0.39528913,0.02844041,0.11077833,0.29473296,0.08176090,0.35629777,0.27387530,0.04478911,0.16924554,0.29140760,0.36742420,0.70114925,0.27100791,0.01214075,0.00000000,-0.02077783,0.24188549,0.33419944,0.02718440,0.10696598,0.09883026,0.13727464,0.11023636,0.24476686,0.26234584,0.19435334,0.08212545,-0.01388895,0.07566533,0.24045398,0.14198045,0.24236643,0.47451960,0.23144588,0.18820464,0.01108632,0.20770921,0.28776282,-0.01884177,0.22585062,0.18199794,0.26285365,0.00000000,0.13434175,0.00000000,0.01941773,0.11268820,0.11111136,0.06557864,0.24507949,0.35025768,0.21225989,0.18787527,0.00000000,0.04852239,0.09483489,0.02631579
2020-12-31,0.03839069,-0.07283228,0.06677690,0.03156884,0.02482264,0.00000000,0.01537981,0.02228550,0.05550497,0.01266599,0.00565942,0.00023315,-0.02296682,0.09007144,0.01511497,0.02671751,-0.00218919,0.03667584,-0.06640362,0.00325854,0.01365184,0.00000000,-0.02142518,-0.01603029,0.06800618,0.01074863,0.22875817,0.00312482,-0.05289703,0.01152093,-0.01014614,0.11401861,-0.04217061,0.17247261,0.10243638,0.02602777,-0.03900447,0.02017502,0.03567317,0.34146336,-0.00418979,0.02013656,0.03952680,0.00437732,0.00917431,-0.02421120,-0.08217890,0.05512020,0.08190880,-0.06532105,-0.03300630,0.00943401,0.00945787,0.14999989,-0.00664804,0.06319711,0.16405586,-0.02681815,0.02463473,0.05342304,-0.00594602,0.02302086,0.04853493,0.00000000,0.11127558,0.02060607,0.00973370,0.08345475,-0.06698354,-0.08257140,0.04346545,0.19999983,0.08441118,0.09020723,0.00940861,-0.02260050,0.07605631,-0.00130034,0.15177435,0.10068049,0.08755752,0.04984486,0.03665733,-0.06794634,0.03903510,-0.05166462,0.07646628,0.07729476,0.03682201,0.07142859,0.00385454,0.00000000,0.11127450,0.00000000,0.01428543,-0.07151148,0.12358507,0.00000000,-0.03258343,-0.11512210,0.07924507,0.05608880,0.00000000,0.03966609,0.01005429,0.27692308
2021-01-31,0.07394256,0.07356593,-0.09108531,0.05162280,-0.00566128,0.00000000,-0.07065256,0.04591838,-0.06274497,0.03075013,-0.02307265,-0.02214962,0.00248894,-0.08958274,0.09827275,-0.06641890,-0.14591344,-0.08225548,-0.07816904,-0.07713744,0.02323237,0.00000000,-0.00666352,-0.03689511,0.02026049,0.04063811,0.04255319,-0.00934570,-0.00265943,0.05922544,-0.06211550,-0.06208044,-0.06481173,0.05978248,0.24096976,-0.02136186,-0.03478930,-0.03917908,0.10555556,-0.06909084,-0.01192155,-0.09305604,-0.02335313,-0.05923831,0.04242424,0.01029439,-0.05995974,-0.01506363,-0.04015520,-0.03481214,0.04889301,0.02536704,0.01628371,-0.03943370,-0.05615394,-0.08682988,0.01416436,-0.01131166,-0.08771142,-0.08339601,0.08047857,-0.09440181,-0.00349355,0.00000000,-0.03574608,-0.04959204,0.01670951,0.02443281,0.00554564,0.00966983,-0.03461857,-0.02127649,-0.11959448,-0.03210585,0.09853527,-0.03682555,-0.04964220,0.10026051,-0.12954717,0.00976552,0.02203383,-0.04846342,0.02397383,0.08118341,0.00696497,0.01452787,-0.03448272,-0.04932721,0.01605988,0.02051284,-0.05615550,0.00000000,0.03528892,0.00000000,0.00483121,0.09478194,-0.06381198,0.01052604,0.03247792,-0.01189851,-0.20139855,-0.08133960,0.00000000,-0.07730923,-0.02373672,-0.12851406
2021-02-28,0.02879812,0.10569119,0.23827290,0.16284544,-0.01972145,0.00000000,0.07119878,-0.08558763,0.04846570,0.07965415,0.09504615,-0.03481165,0.17186212,0.19522030,-0.02331874,0.22192750,0.11046893,0.09115219,0.10389606,0.23868793,0.19414276,0.00000000,0.15333001,-0.01990056,0.10283695,-0.00912408,0.03571429,0.01635224,0.01333356,-0.00631669,0.13661181,-0.03398942,0.22045634,0.02495723,-0.09804684,0.00954952,-0.05927118,0.13165051,0.39698492,0.23046865,0.10361962,0.33015939,0.03985279,0.00749596,0.23255814,0.11352060,0.01027390,0.01823521,-0.00404872,0.24239334,0.03342123,0.01692732,0.02836871,0.21684208,0.18214036,0.14869180,0.03142455,-0.04479065,0.08192379,0.06270494,-0.01610476,0.18181809,-0.04119191,0.00000000,0.10729905,0.03830906,0.08533510,-0.06558787,0.12967672,0.12554979,0.11370248,0.18357475,0.24796766,0.08195138,0.06555414,0.05216373,0.04683213,0.02969937,0.20127923,-0.05867145,0.15146497,0.19979292,0.02516828,0.06370413,-0.04653117,0.06229124,0.21214287,0.00471691,-0.02528970,0.03030828,0.08619362,0.00000000,0.00042613,0.00000000,0.02336431,-0.03437167,0.20751883,-0.02937302,0.09514568,0.13007815,0.27145365,0.01145830,0.00000000,-0.04352573,-0.07137253,0.02073733
2021-03-31,-0.06724573,0.08823508,0.06284988,0.02376140,-0.00710069,0.00000000,0.08633640,-0.05081739,0.00931162,0.12793586,0.02235663,0.06867586,0.14642176,0.16491215,-0.00323838,-0.03845314,0.01735107,0.03104580,0.11418698,0.05286667,0.03416918,0.00000000,0.09638544,-0.00531281,-0.00245887,-0.03720072,-0.03694581,0.02165841,-0.01842122,-0.00649348,0.10024065,0.05555576,-0.00254557,0.07438291,0.22080690,0.07162175,0.01788663,-0.04220996,0.10647484,0.00952395,0.09710593,0.08668128,0.00206359,-0.00744018,-0.04716981,-0.00679886,-0.08855927,0.06412471,0.04200539,0.15411017,0.19148930,0.11459659,0.11979579,0.07439448,0.08270875,-0.05388887,-0.05687219,0.08205914,0.03774444,0.07635941,0.01713565,0.09064119,-0.02366970,0.00000000,-0.27843623,0.12977106,0.01572509,0.08842324,0.12027178,0.12683448,0.09136128,-0.04285706,0.06558117,-0.03922458,-0.02389056,0.03408445,-0.02500006,0.00574708,0.09377287,0.09486282,0.09457523,-0.00017258,-0.00063365,0.13722600,0.03072857,0.11268131,0.00589278,-0.05152577,-0.03999997,-0.02682946,0.08801518,0.00000000,0.08527490,0.00000000,-0.00913221,0.05923515,0.01437491,0.01431115,0.03794319,0.05538637,0.18112961,0.09886712,0.00000000,0.05612439,0.00760144,0.23024831
2021-04-30,-0.04253363,0.03745185,0.04268935,-0.04543207,0.05840291,0.00953209,-0.00299488,0.02197242,0.05502469,-0.01902658,0.02469769,0.12736941,-0.00150057,-0.05604553,0.06016704,0.06932895,-0.03695284,0.02694156,-0.03453427,0.02910548,0.01145748,0.00000000,0.01061024,0.07009334,0.02385564,0.05030602,0.01023018,0.02180494,0.05452769,0.11328967,0.02796589,-0.03111430,0.13918344,0.04434006,-0.00417399,0.10970995,0.07218661,0.02615545,-0.00130037,-0.00943410,-0.02198121,0.06072155,0.01941741,0.07046475,0.04331683,0.06994341,-0.05625295,0.18675373,0.11140014,0.01898010,0.08392864,0.03230894,0.32983572,0.03381639,0.00454445,0.07662946,-0.07211247,0.10221380,0.04448619,-0.02358121,0.10937893,0.06831818,0.05524344,0.00000000,0.06635535,0.00816456,0.05435776,0.02345039,0.02413509,0.02279076,-0.00287833,0.08315562,0.00178331,0.12468459,0.05944034,-0.03073613,0.02034980,0.10285722,-0.00389495,0.02305327,0.15657878,0.11939451,0.03085712,0.02066702,0.07241895,0.03499888,0.06502617,0.04356422,0.14414409,0.11403518,-0.02346588,0.00000000,0.06898409,0.00000000,0.04621860,-0.03352818,-0.02333554,0.04232803,-0.02415895,-0.03646620,-0.03456980,0.09196996,0.00000000,0.01005941,0.10121488,-0.07339450
2021-05-31,-0.00900903,0.01600303,0.00841447,-0.00258662,-0.04459465,-0.01645202,0.04071564,-0.00949985,0.07214252,0.02722983,0.07224026,0.08099245,0.23544313,0.04330479,0.03476834,0.09966814,-0.11275092,-0.01620389,0.04653112,0.06713801,0.09036064,0.00000000,0.06227507,0.04027181,0.03337519,0.20160255,0.03797468,0.08120921,0.00420614,-0.05071382,0.02021516,0.00000000,0.05049107,0.05976812,0.04820110,0.00113657,0.06970309,-0.04085201,0.08723954,-0.06984117,0.06892484,0.13083639,0.04051907,-0.00063594,-0.04507711,0.00552137,-0.03423636,-0.03796905,-0.03042130,0.06679198,-0.00857629,0.08084501,0.06449443,-0.03730414,0.05704168,-0.01827107,0.07430364,0.13626757,-0.02441735,0.04368579,0.07162288,0.09805199,0.04170357,0.00000000,0.02351357,0.08369893,0.06694966,-0.02291307,0.01567197,0.01068672,0.03397090,-0.03444892,0.05289937,-0.02337221,-0.05601769,0.03401741,0.01719576,0.00735755,-0.02183127,-0.05993875,0.18847187,0.06500785,-0.01413527,-0.02393003,0.03779226,-0.05296399,-0.04895494,-0.00557005,-0.00393706,0.03824503,0.01790756,0.00000000,0.02644154,0.00000000,0.00881044,0.00228586,-0.09947408,-0.02693361,0.04739676,0.22634899,0.11029849,-0.02575122,0.00000000,-0.06405572,0.08027503,0.05544554
2021-06-30,-0.01454539,-0.06666660,-0.03179793,-0.07825541,0.02269000,0.06749092,-0.02390352,-0.02826871,-0.04165462,-0.01288923,0.00737830,0.01858875,-0.07342903,-0.06542877,-0.00304696,0.01791288,0.10578843,-0.02948369,0.01208998,-0.05335722,-0.09492113,0.00000000,-0.07555233,0.01585827,-0.07678230,-0.09336163,0.20000000,-0.06633760,0.01465947,0.00309278,-0.05292298,-0.03985539,-0.09891730,0.00982039,0.03898716,-0.02270189,0.01666044,0.07025858,-0.09580838,-0.03412983,0.00535249,-0.05132597,-0.01595004,-0.00140146,0.12298137,-0.08346152,0.06044373,0.01016076,-0.05615771,-0.01763663,-0.03079584,0.02948833,-0.07089934,-0.05825234,-0.03600255,-0.16499997,0.01584996,0.08178084,-0.03941071,-0.09391479,-0.08079520,-0.06414118,-0.01438276,0.00000000,0.05228407,-0.04346658,-0.07906403,-0.07788956,0.07418001,0.07154092,-0.04213828,-0.11824663,-0.01835751,-0.00854701,0.01398566,-0.08047847,0.00064998,0.04938252,-0.08494334,-0.03220559,-0.08391834,-0.05972549,-0.01237007,0.04243275,0.04887382,0.03850310,-0.06709064,-0.00381668,0.09288551,0.05756867,-0.03379621,0.00000000,0.05688717,0.00000000,0.02620102,0.06815136,-0.08734262,0.00347843,-0.02913953,-0.05238103,-0.05049391,-0.05374440,0.00000000,0.06609328,-0.04175500,0.01876173
2021-07-31,0.04797050,-0.03620499,-0.00457084,0.02715074,-0.03042862,0.01049183,-0.00142646,-0.01246738,0.03867927,-0.04582411,0.06054679,0.10763499,-0.06597863,0.01975246,0.07284767,0.03500358,0.18050543,0.03172360,0.01218900,-0.02685833,-0.10296927,0.07300891,-0.03431001,0.10697882,0.01848176,-0.09060505,0.01626016,0.08211858,0.12745108,0.07913659,0.02314710,0.03018882,-0.02985619,0.10002765,0.33612363,0.12427419,0.08703556,0.02823126,-0.07947020,-0.03356887,-0.00325356,-0.00543035,0.07540532,0.06456119,0.10840708,-0.04756771,0.05387215,0.02165693,0.09079281,-0.02639134,-0.04784006,0.08136889,-0.05071917,-0.01030934,0.00085854,0.04324680,-0.04113492,0.09603034,0.05063696,0.01475136,-0.05890478,-0.02259588,0.07519462,0.00000000,-0.06022573,-0.02552603,0.08287543,0.03390560,0.05341561,0.05920645,0.05404716,-0.03204072,-0.00393686,0.04310346,0.05862093,0.00443536,0.06443016,0.02450985,-0.01237726,0.07831970,0.02124698,-0.04099998,0.04099051,0.05427413,0.11238007,0.00559229,0.05827656,0.00383131,0.07791450,0.00628434,-0.01748941,0.06565657,0.07447536,0.00000000,0.02140296,0.05350420,0.00122853,0.07972267,0.05508477,0.01587926,-0.10346824,0.07774679,0.24331553,0.03044758,0.06646980,0.03499079
2021-08-31,-0.06489269,0.20350191,0.03826521,0.18980362,0.02329986,0.02899141,-0.05247620,0.04997355,-0.01816530,0.04355959,0.09484353,0.03698727,0.10812958,0.05971240,0.12543916,0.02513425,-0.00229350,0.03838616,0.05852608,0.04431485,0.11904030,0.04329896,0.05069858,0.04230619,0.00000000,-0.02389715,0.10400000,0.01946608,0.17620136,-0.06750735,0.08683729,0.09890118,-0.01219742,0.09442725,0.05951807,-0.00103285,0.04824123,0.03307962,0.07913669,-0.01276490,0.02492578,0.07785630,0.02293586,0.05273583,0.08383234,-0.02818287,0.04847094,0.01290342,0.04533024,0.07873856,-0.03412073,-0.03234887,0.11805545,0.10247112,0.02830807,-0.04623713,-0.01229096,-0.09960052,-0.00074847,0.03385667,0.01222493,-0.04062215,0.05225056,0.00000000,0.06224904,0.05123791,0.04587739,0.12565917,0.00373741,0.00515349,0.07053883,-0.06810030,0.05300930,0.05278712,0.07501387,-0.08209436,0.02869371,0.00966340,0.11687528,-0.05891526,0.03342431,0.01295524,0.03373711,-0.00557705,0.05468285,-0.00041197,0.01819016,0.02099245,0.04697985,0.05498994,0.02731052,0.06729856,0.01456548,0.00000000,0.00416660,-0.00679553,0.03889795,-0.04802654,0.02275767,0.04550860,0.01031601,0.05615542,-0.09462367,0.01744396,0.02285302,-0.05871886
2021-09-30,-0.03728795,0.05345989,-0.02162160,0.06509302,-0.07295534,0.09946273,-0.02080619,-0.14679350,-0.07955603,-0.02029208,-0.00084103,-0.14429315,-0.03240751,0.02541898,-0.10295355,0.03064721,-0.03141762,-0.06601261,0.06370874,0.06093098,0.04911802,-0.00395261,0.01975699,-0.13331272,0.00259239,0.08380423,-0.03260870,-0.08565196,-0.09727640,-0.04902977,0.01282583,-0.05142530,0.04844225,-0.05678679,-0.16761432,-0.08376436,-0.14212858,0.00352230,0.02533335,-0.07407402,0.06485215,0.02045029,-0.04356166,-0.04508459,-0.07366483,0.00996895,-0.08619944,-0.06960874,-0.04186925,0.07418815,-0.07375778,-0.08362400,0.04282445,0.10236223,0.02335762,-0.02039465,-0.06367049,-0.08562559,-0.01692510,0.04034018,-0.06086952,0.06384927,-0.08624949,0.00000000,-0.06359983,0.03231090,-0.10329495,0.00468380,0.13132737,0.11516478,0.02956564,0.06794868,0.05537256,-0.01766444,-0.04040416,0.03561113,-0.10445118,-0.05213262,-0.00990669,-0.05587364,0.19735957,0.00287769,-0.04894172,0.06902508,-0.06931453,0.01298170,-0.04430376,-0.11670949,0.04807685,-0.05019308,-0.04889627,0.11367676,-0.06397518,0.00000000,-0.03319518,0.06409791,-0.21427583,-0.03204038,-0.01832464,0.08819086,0.15292915,-0.10997032,0.34441800,-0.09202244,-0.12119161,0.23629490
2021-10-31,-0.00625988,0.08085604,0.09157879,-0.01835681,0.02756898,0.04207384,0.03238552,-0.00939528,0.00670031,-0.00303118,0.04755890,0.17885559,-0.01140959,0.06671963,0.05839966,0.07457897,0.02848093,-0.00181769,0.00813144,0.04437235,-0.01991708,-0.01587306,-0.07414322,0.06480195,-0.06891176,0.09748035,-0.05992509,0.00357997,0.22844832,0.04403870,0.04463364,0.01230207,0.00978442,0.13901138,0.23661196,-0.00112861,0.09584928,0.05392465,0.02080622,-0.05700003,0.05073693,0.06030518,-0.01942415,0.01245894,-0.03876740,0.13190621,-0.00786083,0.07139366,0.06437781,0.08559449,0.01927911,0.04631480,0.04012520,-0.13857151,0.04193170,0.05631410,-0.00239995,0.08895358,-0.01434715,0.02774825,0.05761307,0.07837666,0.09280926,0.00000000,-0.04697979,-0.02891242,0.05590636,0.01320884,0.00569718,-0.06514260,0.02319394,-0.06482580,-0.01689620,0.00899126,0.02210531,0.01703844,0.01799433,0.01999988,0.02714792,0.09193010,-0.04024264,0.06031183,0.00695399,0.08353506,0.08158980,0.04404636,-0.00662267,0.03280421,0.03363912,0.02032520,0.10606449,0.01754384,0.04810883,-0.20871298,0.01300479,0.09138507,-0.02730812,0.03832735,0.10966674,-0.00660871,0.02663710,0.00045955,0.09893992,0.01078998,0.16318816,0.07492355
2021-11-30,-0.08149611,-0.00990086,-0.07469330,-0.10809591,-0.05365857,-0.16767695,-0.04330095,-0.11350006,-0.11813650,-0.02457574,-0.01566887,0.08807463,-0.08190626,-0.08914720,0.05777787,-0.22426594,0.02666664,0.02953373,-0.02713398,-0.04870456,-0.11216680,-0.01612907,-0.08490934,0.11514881,-0.10208338,-0.01282455,-0.05179283,-0.04875148,0.16666692,-0.01119142,-0.03219394,-0.04513892,-0.04360313,-0.07864203,0.18252021,-0.07770418,0.04028909,-0.03193714,-0.12101911,-0.13785788,-0.05941639,-0.04473731,-0.02117498,-0.03432627,-0.04343330,-0.05016978,-0.00552213,-0.04609781,0.01686220,-0.06951228,-0.06784538,0.06599480,0.13321288,-0.04311762,-0.11231941,-0.09693069,-0.05453093,-0.04158622,0.05834425,-0.02422977,-0.09119651,-0.06810038,0.03680905,-0.20215788,-0.08422526,0.02025643,0.06632322,-0.03604275,-0.00964637,0.01960797,-0.05138160,0.11039779,-0.03844410,-0.00594074,0.02686830,-0.02497729,-0.02343727,-0.01460689,-0.14620278,-0.09897168,-0.14359544,-0.16068979,-0.05082871,0.01032127,0.09013536,-0.02542199,-0.01757566,-0.03163264,0.00887581,0.00597604,-0.02481957,-0.03918495,-0.01962639,0.20470470,0.03389837,-0.02094077,-0.18325821,-0.04684485,-0.04235510,-0.06425078,-0.15891884,-0.02526435,-0.13665594,-0.00362906,0.07912245,-0.05120910
2021-12-31,0.03257614,0.02507919,0.04011280,0.12324233,-0.02216504,0.18840172,0.07903750,-0.02675578,0.00377362,0.06597405,0.00734696,-0.03722308,0.07055982,0.01509084,0.04621858,0.11642742,0.16458548,0.04363218,0.05237638,0.10330422,0.08382868,0.01024588,0.06156550,-0.04279545,0.08584680,0.07281481,0.02941176,0.03124996,-0.01804514,0.10301753,0.07535949,0.03636369,0.03358341,0.06063438,-0.07677901,0.05392171,0.00331027,-0.00355054,-0.18840580,-0.02829036,0.05076124,0.09656934,0.01611635,0.05644826,0.10054054,0.06986988,0.03911146,0.04984825,0.04484096,0.00278528,0.02955440,0.08478217,0.07079380,0.07279030,0.07492318,0.04114495,0.08736220,0.00030995,0.06795051,0.05533878,0.11586840,0.02136738,0.04575626,0.18362986,0.06582575,-0.00193480,-0.02743893,0.10291971,0.02998479,0.03155335,0.08352303,0.01896077,0.06161816,0.10458159,0.02306915,0.02030613,0.00933317,0.09452728,-0.00117574,0.05920065,-0.00771303,0.06927279,0.03608858,-0.04441912,0.01951746,0.02107676,0.03886491,0.02433862,0.03678761,0.05955386,0.04419261,0.02283852,0.08718104,0.26609896,-0.00000000,-0.00131612,0.20387902,0.03873246,0.03011295,0.26697856,0.11696659,0.04665412,0.12662948,-0.01020406,0.03512015,0.01949025
2022-01-31,0.00000000,0.10157937,0.05816733,0.13703623,-0.11364556,-0.28168362,0.09487124,-0.03161538,0.02556386,0.05799218,-0.03889795,-0.05952747,0.03901505,0.05465215,-0.04658655,0.07314305,0.05297022,0.03615812,-0.01336419,0.03669572,0.01727936,-0.22616622,0.17895610,-0.10582447,-0.08618234,0.13425025,-0.20000000,-0.04969696,-0.18223588,0.00000000,0.06759584,-0.00877187,0.11218016,-0.15347413,-0.27058826,0.01395344,-0.08841981,-0.04081644,-0.14732143,0.04303803,-0.00268370,0.08210567,0.04601659,-0.04825389,-0.24950884,0.17597269,0.12778809,-0.13559706,-0.05452032,0.06698246,0.19622979,-0.12030740,0.05465835,-0.22132479,0.15193493,-0.02474228,-0.10452425,-0.14732762,0.01777457,-0.03394964,0.12517988,0.06799167,-0.05857449,-0.07696936,0.04184702,0.06424810,0.04806681,-0.06421369,-0.02633047,-0.00506782,0.04137779,0.04767314,0.07399203,-0.01082038,0.01176479,0.01071661,-0.05075571,-0.08173245,-0.03060023,-0.07878786,0.16154093,0.05237210,-0.05112371,-0.05125148,-0.09363034,0.00899246,0.01722090,-0.03719011,-0.08627995,0.01682236,0.11123400,-0.20255184,-0.09830711,-0.31747336,-0.02447149,-0.00307515,-0.08185981,-0.02711873,0.04141286,0.03292961,0.04833131,-0.06888782,-0.19834715,0.03876278,-0.13035710,-0.06176471
2022-02-28,-0.14196762,-0.16629182,-0.13659648,-0.11611621,-0.08090422,-0.17788150,-0.10578389,-0.10574854,0.01356305,-0.03316424,-0.09780779,-0.03230012,0.12322262,-0.07271050,-0.00842459,-0.06105777,-0.08204612,-0.03744093,-0.14035501,-0.16650806,-0.03208427,-0.11271307,0.03302880,-0.02935787,-0.08729533,-0.00698562,-0.11224490,-0.03698976,-0.11235965,-0.03383630,-0.13164013,-0.00884980,-0.08111633,0.00259741,-0.10761960,0.00917431,0.02786843,0.00810542,-0.22617799,-0.15291253,-0.04574809,-0.21554241,-0.10636898,-0.06004025,-0.10078534,-0.02464019,-0.05047395,-0.09622993,-0.02518235,-0.19629454,-0.12786540,-0.03119536,-0.03816251,-0.02697084,-0.12445120,-0.01303731,-0.08536589,-0.11664246,0.00506173,-0.03549063,0.09377655,-0.05122427,-0.02548707,-0.21824101,-0.08947362,-0.08326815,-0.00099694,-0.04009250,-0.05275179,-0.03874841,-0.13715191,-0.03900330,-0.05239275,-0.08751159,-0.04642983,-0.06301109,-0.05775933,0.00495042,-0.08012942,-0.05190039,0.12714574,-0.03554709,-0.09295427,-0.08123954,-0.00038415,-0.08041322,-0.03035606,-0.06437778,-0.02786378,-0.03860290,-0.12442671,0.12000000,-0.07542817,-0.37596154,0.05042017,-0.15434618,-0.14479320,-0.05212100,-0.01257307,-0.18598997,-0.07958274,0.03288188,-0.10824744,-0.05716541,-0.04585920,0.10344828
2022-03-31,0.03967095,-0.01854656,-0.05058427,0.08765589,-0.01618134,0.02212646,0.06517449,-0.07680549,-0.06075957,0.07694151,-0.01261680,0.04753874,-0.12690685,-0.18890251,0.02727232,-0.01512308,-0.06613402,0.00151060,0.05351808,-0.01104549,-0.11448475,0.03840476,0.04659863,0.10255210,0.01726570,-0.08056817,0.01724138,0.09139069,0.03375530,-0.00585947,0.09433574,0.08392872,0.02220256,0.21243529,0.15955124,0.03757333,-0.01050243,-0.07370189,0.00000000,0.23209160,0.17146086,-0.04602182,0.04628928,0.03619581,0.12954876,0.02127581,0.06704288,0.04171530,0.03968536,-0.09401798,0.04681728,0.06208129,0.23340714,-0.04051186,-0.09156307,-0.06533392,-0.01619044,0.01809952,-0.01071488,-0.01875910,-0.05767725,-0.02849168,0.06085814,-0.19482112,0.21174328,0.07862605,0.05638718,0.02329320,0.01278527,-0.07307315,0.07199602,-0.03494924,-0.05976014,0.13229404,-0.00101626,-0.00704797,0.09539180,0.05911341,-0.00211352,0.09791850,-0.00027211,0.03870000,0.05477954,-0.01347459,0.03394032,0.01057467,0.05418410,0.07470260,-0.00159231,0.10531737,0.00341625,-0.06250000,0.03206261,-0.11633280,0.01199994,-0.01197832,0.23686400,0.03124976,0.07462249,-0.13461531,0.12462719,0.08426978,0.02658965,-0.10926317,-0.01793382,0.12926136
2022-04-30,-0.11882018,0.08256539,-0.04684910,0.03394411,-0.17894728,-0.21551726,-0.00161616,-0.04213237,-0.07624180,-0.04126664,-0.03502137,-0.20888315,0.19977458,-0.00067441,0.00827156,0.01550622,0.02566536,-0.02375567,-0.05738448,-0.04284601,0.00975167,-0.12878212,0.05263528,-0.15341416,-0.06801007,-0.09311387,-0.08474576,-0.03276699,-0.14857142,-0.01178787,-0.04159617,-0.04898245,-0.16368378,0.00455183,-0.23568938,-0.00328588,-0.13870967,-0.03616632,-0.01217864,-0.01976747,-0.12855085,-0.05273908,-0.03862351,0.01575354,-0.10695876,-0.04586975,-0.03761691,-0.13329595,-0.04573270,0.00089824,-0.06237737,-0.07281096,-0.06056412,-0.07333328,-0.06177109,-0.06799072,-0.13708447,-0.21171715,-0.04200606,-0.07271882,-0.05459044,-0.02468380,-0.02247991,-0.13297873,-0.00618937,-0.08157897,-0.01653290,0.04317110,0.02132187,0.01767712,0.02355003,0.03037372,0.00972705,-0.00882592,0.03357063,-0.00814343,-0.02427519,0.00474349,-0.10934741,-0.07419618,-0.00214583,-0.07452622,-0.12101519,0.08882387,-0.00222955,0.15051791,-0.05539695,-0.06403411,-0.03189796,-0.00865058,-0.02394133,-0.06285713,-0.10362513,-0.08631214,-0.00778772,0.11312053,-0.11093262,-0.01069517,-0.05158762,-0.04278157,-0.01768490,-0.01972395,-0.10900900,-0.10186720,-0.19717977,-0.00226414
2022-05-31,0.03011079,-0.09087121,0.09631061,0.00161118,0.14583335,0.03846166,-0.04991563,0.10951518,-0.09045436,0.00686166,0.04547139,-0.13881208,0.07234906,0.14075569,-0.16482140,0.00395343,0.12696945,0.01506374,0.05389893,0.14686962,0.23656240,0.05225350,0.09067345,-0.03164862,-0.01171169,0.28589628,-0.16419757,-0.04077790,-0.06567592,-0.01079923,-0.01512305,0.02253022,0.10090246,0.09021283,0.00632929,0.03186807,0.04452775,0.01998900,-0.03835621,-0.10313775,-0.00433254,0.15396833,-0.04151807,0.04187811,-0.22582973,0.06323557,-0.02326546,0.01777054,-0.04188683,0.18816036,-0.01330379,-0.02651448,0.08769335,0.04505681,0.08176669,0.02991799,-0.00112239,-0.00128139,0.01886791,0.03014680,0.00401687,-0.02157805,-0.05044497,0.21595095,-0.06493175,0.03855090,0.03672710,-0.14973670,-0.01116919,0.00201994,0.02068157,0.10657597,0.04678892,-0.07479978,-0.03042284,0.04696228,0.02418813,0.00000000,0.02722769,-0.21589227,0.11962361,0.07030005,0.04295777,-0.03361726,-0.17467403,-0.03900782,-0.01753316,0.04104909,-0.04612846,-0.05235599,-0.01743022,-0.19715448,-0.00308153,-0.16682375,0.02788836,-0.05989164,-0.01441593,0.06142368,0.07956924,0.22403141,0.03052162,0.02026436,-0.12841257,0.15578851,-0.01665134,-0.05900150
2022-06-30,-0.18025624,-0.01742324,-0.15348070,-0.15444051,-0.06074725,-0.13462671,-0.06614711,-0.10275077,-0.25437756,-0.06674424,-0.16867177,-0.30541383,-0.16327791,-0.09428588,-0.10854620,-0.14737163,0.02590457,-0.14915781,-0.14608273,-0.14582939,-0.18210281,-0.25015528,-0.01514242,-0.29776590,-0.06563350,-0.17231994,-0.23042835,-0.20143882,-0.40648706,0.00200996,-0.07869003,-0.04915233,-0.19818773,-0.02498050,-0.26460279,-0.08407107,-0.22264916,-0.13287783,-0.19088317,-0.13095241,-0.10177002,-0.16456708,-0.12652435,-0.08996741,-0.22087605,0.00487786,0.01947207,-0.16856426,-0.12661013,-0.10385763,-0.12292133,-0.08108410,-0.07794371,-0.19678717,-0.12336866,-0.25547151,-0.16797743,-0.15422121,-0.13391225,-0.07778205,-0.13477864,-0.05747370,-0.10771816,-0.28153377,0.03107263,-0.02662042,-0.12583091,-0.12522129,-0.11369150,-0.09292490,-0.06413303,-0.09528673,-0.04338291,-0.07564965,-0.10050773,-0.07402746,-0.08029700,-0.02222214,-0.02072285,-0.14867106,-0.08691472,-0.10830985,-0.09790686,-0.06864563,-0.11841164,-0.09013334,-0.13656120,-0.01737653,-0.22970638,-0.04222178,-0.06259494,-0.32911392,-0.14799067,-0.16791248,-0.07364334,-0.12368685,-0.13548884,-0.07979622,-0.14713226,-0.16834867,0.00538514,-0.08117444,-0.32714618,-0.17066295,-0.16728699,-0.12915330
2022-07-31,0.03659661,-0.06859542,0.02840451,0.03779069,0.16753535,0.11616850,-0.02635626,-0.02705150,0.03033301,-0.01320701,0.02713296,0.31789428,-0.07290149,0.02651502,0.08650138,0.01997453,0.08617241,0.10042498,0.02739736,0.01399753,-0.13875606,0.05546373,-0.11697325,0.23468991,0.08292675,-0.00119654,0.00959693,0.10316852,0.18815329,0.09141266,0.03647287,0.05169317,0.02500610,0.08967178,0.30659020,0.04651155,0.07527433,0.05866907,-0.34859154,0.34094357,-0.04203607,0.04523696,0.08115175,0.05334262,0.14641151,-0.04088847,-0.05284392,0.16233781,0.14524143,0.00636193,0.10940296,0.12260677,-0.00170252,0.23285709,-0.02887636,0.02939607,-0.15327489,0.10406550,0.10120457,0.08977027,0.17919405,0.06936884,0.09632211,0.08707863,0.04795604,-0.06361465,0.13742522,0.03834553,0.14506908,0.11011123,0.05399161,-0.00643839,0.13879978,0.09641813,0.04288943,0.09044696,0.08303295,0.04166656,-0.00984260,0.02439003,-0.17880616,-0.09226181,0.11152703,0.09213139,0.12100721,0.04232454,0.05987156,0.03901884,0.07086793,0.04038467,-0.03622612,0.52830189,0.11337859,-0.06703524,0.07962764,0.08429998,0.05966158,0.06088565,0.00617283,0.05681202,-0.09534020,0.09492489,0.02586215,0.10442173,0.15754190,0.14953848
2022-08-31,-0.11336977,-0.01099253,0.02349926,0.06838259,-0.06250001,-0.04443095,-0.04928939,-0.05838731,-0.06944000,0.05756053,-0.06457287,-0.08437834,-0.01389979,0.04670959,-0.15560662,0.01686669,0.07564570,-0.12439034,-0.01116290,0.01054356,0.11481488,-0.01789042,0.02560606,-0.07486130,-0.08018017,-0.00718768,-0.31653989,-0.08894058,-0.08724345,-0.05882349,0.04788407,0.02372899,-0.02380961,-0.10343644,-0.12171042,0.07117885,-0.08964862,-0.10545911,-0.11756753,-0.15432594,0.00377108,0.01122053,-0.19612587,-0.09453059,-0.21994996,0.02954327,0.00593811,-0.10154465,-0.04253637,-0.05948881,-0.11293296,-0.10646180,-0.06465415,-0.18882664,-0.00323956,-0.16458991,-0.22440585,-0.16213246,-0.11011497,-0.03238052,-0.05311782,-0.02999972,-0.13258786,-0.04392766,0.01304138,0.04952367,-0.06152025,-0.03752424,-0.03598920,-0.00760689,-0.08244299,-0.05473196,-0.07876082,0.04479725,-0.02046888,-0.06393621,-0.07384816,-0.06718619,-0.10174212,0.00238108,0.09990383,-0.00942644,-0.09483750,-0.02735976,-0.13874758,-0.03884986,-0.19295474,-0.10515015,-0.14869112,-0.01464387,0.06844309,-0.24567903,-0.09804547,-0.11111108,-0.06201546,-0.01355199,0.29327723,-0.03812228,0.00290606,0.02275573,0.06157487,-0.09785411,0.08571428,-0.16846313,-0.07335917,0.12580300
2022-09-30,-0.05277503,-0.03613954,-0.08988027,-0.08191577,-0.08435367,-0.03503186,-0.04021837,-0.03001968,-0.22386521,-0.07284440,-0.07718869,-0.24323636,0.08497793,-0.12279639,-0.18438448,0.02872102,-0.03259006,-0.18593304,0.01442457,-0.06195550,0.05049833,-0.24920117,0.10219707,-0.15353543,-0.09157695,0.10739051,-0.14186371,-0.16196946,-0.31875887,-0.03808598,-0.04463332,-0.09082758,-0.08134087,-0.08155734,-0.08822302,-0.10995844,-0.18604855,0.17753119,0.25574267,-0.18791951,-0.04234982,-0.07540764,-0.11646588,-0.14466816,-0.18780092,-0.11630096,-0.01715305,-0.28105335,-0.10078172,0.01049526,-0.26763863,-0.03034982,-0.12548170,-0.15142861,-0.01172370,-0.21535115,-0.05504111,-0.03181365,-0.19797091,-0.14257419,-0.12682927,-0.05674561,-0.19650785,-0.23648647,-0.05850410,-0.03811250,-0.13322358,-0.07848107,-0.05049621,-0.03509840,-0.02440800,-0.09529555,-0.08338412,-0.23563628,-0.05635363,-0.12549798,-0.17044619,-0.08577008,-0.01084554,-0.12845166,0.00203790,-0.00806772,-0.14806545,0.00140652,-0.20148463,0.04612919,-0.11416663,-0.12456238,-0.13038148,-0.13039391,-0.03964284,-0.01063826,-0.06413720,-0.24550001,-0.11570242,0.06182209,0.27355432,-0.17269436,-0.06793295,0.06736071,0.03346351,-0.18307056,-0.16408669,-0.17740740,-0.15458323,-0.03518787
2022-10-31,0.14306249,0.07889023,0.09827819,0.14212575,0.20653781,-0.15709565,0.12608160,0.04718418,-0.11032347,0.07702206,0.10846660,-0.07284107,0.13622863,0.02397792,0.03326939,0.15627705,0.10726954,0.04334179,0.17156107,0.08920995,0.18437692,0.06010644,0.01268497,0.00918898,0.05926761,0.10269675,-0.08914100,0.08083469,-0.17899748,-0.10138051,0.11234703,-0.03096537,0.26340581,-0.03302096,-0.00684621,-0.04428914,0.05638980,0.07106411,0.19146338,-0.00826452,0.08345217,0.13764397,0.16818181,-0.01046212,0.05401842,-0.04279901,0.01903901,0.08058618,0.06175666,0.12373001,-0.01102019,0.10257984,0.20765626,-0.00673401,0.13283995,0.04554467,0.13010353,-0.07520329,0.09313906,0.07575051,0.13687170,0.01522102,0.07105997,0.05663720,-0.00812790,0.09119488,0.08412379,0.11868133,0.09954537,0.10295812,0.07205402,-0.06666684,0.03939798,-0.01332071,0.00702577,0.02961265,-0.02012096,-0.06183363,-0.09286197,0.05385959,0.15572337,0.11816471,0.00616495,0.09082396,0.04249665,0.12038859,0.00752577,-0.09315084,-0.00282857,-0.02265371,0.01694914,-0.18527710,0.02799207,-0.10691405,-0.04191788,0.12121211,-0.06101760,-0.05245905,0.09775470,0.19984693,-0.03291956,0.03785673,0.19444436,0.00855458,-0.03202411,0.05618536
2022-11-30,0.22264146,0.22890718,0.04615718,-0.00448241,0.12007390,0.09005475,0.12156982,0.09558242,0.14292838,0.06266439,0.19325158,0.11025427,0.08199930,0.09122910,0.01924448,0.07736616,0.04003202,0.07791803,0.09557013,0.12496051,0.05313760,-0.01404930,0.06233228,0.01266824,0.09063135,-0.01111657,0.21708186,0.10121842,0.03851728,0.03615814,0.08079996,0.08834594,0.04782597,-0.03553305,0.08733259,0.05007434,0.08530809,0.13196467,0.08495397,0.06500008,0.11520743,0.03293864,-0.03065342,0.06872243,0.21875000,0.13950374,0.11265579,0.12382279,0.16199921,0.16435611,0.02192654,0.07612216,0.18175626,0.11864407,0.13794043,0.20719707,0.19267811,0.16739931,0.07694093,0.08029194,0.08009812,0.11625406,-0.05296934,-0.13149080,0.09014010,0.08260166,0.05855555,-0.01178789,0.03472506,0.03771793,-0.05204202,0.13714301,0.11541729,0.15188042,0.01172646,0.08554576,0.00180027,-0.02261358,0.20794292,0.04903774,0.11789850,0.08714730,0.12943566,0.02789697,0.00738856,0.02922556,-0.05228747,0.04229608,0.16879423,-0.01086489,0.13198923,0.00710657,0.07934277,-0.01236710,0.00975604,0.02763431,-0.04891316,-0.09094161,0.08401512,0.03793430,0.10491067,0.03535357,0.12403108,0.04866082,0.06003077,-0.07606161
2022-12-31,-0.02649165,0.05639563,0.02299705,0.01586631,-0.01539303,-0.06250001,-0.01688291,0.05929199,-0.04880174,-0.00337606,0.07609265,0.05317996,0.00664258,-0.01686931,-0.03076938,0.00392016,0.04618931,0.00202915,-0.03226593,-0.00336891,-0.02712989,-0.03002543,0.03088147,0.00193125,-0.02240894,0.10367229,0.12426900,0.02297878,0.18818571,0.01744830,-0.03571423,-0.02072518,0.04603851,0.02248812,-0.06207486,-0.02206731,0.01930598,0.00518143,0.03773585,-0.07042246,-0.01918543,-0.02125892,-0.00642326,0.03890347,-0.09179484,0.01177166,0.08895547,-0.03792303,-0.00501941,-0.01742878,-0.11220542,-0.02300517,-0.01284713,-0.15530306,-0.02073510,0.04173198,0.07269796,-0.10134928,0.01172261,-0.00834651,-0.02047314,-0.03187286,-0.02642723,0.14754091,-0.13482066,-0.00440048,-0.01071028,-0.07574518,0.00179786,0.01990872,-0.06056118,-0.01968398,0.01260051,0.00418588,-0.08160923,0.03362783,-0.00449246,0.03372097,0.15121480,-0.08362912,0.01257009,-0.01683919,-0.01446650,0.00167013,-0.03439558,-0.00520594,0.04926104,-0.11141840,-0.10168956,-0.05580362,0.02683457,-0.08870963,-0.04741184,-0.06736790,-0.00966178,0.04787234,-0.00285725,0.01776662,-0.00116123,0.01904192,0.04141411,-0.01355018,-0.15448282,-0.06257987,0.06243958,-0.05404039
2023-01-31,0.12338182,0.17678919,0.12257136,0.06289568,-0.06018505,0.11340997,0.09109014,0.11194677,0.16765915,0.02913284,0.09316757,0.10366856,0.23785230,0.17234421,0.12409822,0.14714213,-0.02133908,0.11971642,0.12413425,0.18122072,0.31196246,0.25393490,0.10757080,0.13108903,-0.07449856,0.18435946,0.12743817,0.11148070,0.13885545,-0.02250822,0.09825369,0.00705433,0.15300336,0.16378099,0.06029008,0.03800488,0.12323507,0.05992268,0.05636361,0.22727271,0.07733973,0.16183992,0.15050509,0.03015887,0.00959908,0.15648628,0.03212488,0.20905907,0.17405878,0.17147807,0.06854209,0.07313329,0.01212347,0.09417046,0.15976895,0.11777102,0.05421673,0.12115926,0.14000639,0.01803601,0.08035298,0.15789482,0.09286152,0.25882355,0.03783639,0.01933705,0.02165252,0.06562676,0.06999010,0.09043694,0.04350093,0.12307689,0.16138752,0.13693212,-0.03629538,0.05290836,0.01187871,0.02362214,0.18802684,0.03616009,0.35955946,0.14290819,0.09610088,0.05168822,0.08721859,0.03568027,0.07981216,-0.18678628,0.14189188,0.10756496,0.10499527,0.01769910,0.11643823,0.21697102,-0.06132480,0.13028781,0.01203444,0.00997506,0.12990423,0.34749838,0.09311349,0.09560450,-0.09624789,0.17484117,0.08929380,0.11158566
2023-02-28,0.05644404,0.09829064,0.04766225,-0.02045277,-0.03149125,0.13833457,0.01345801,0.01277217,-0.03805419,-0.02040826,-0.01791961,-0.02857141,-0.00048452,-0.05999490,-0.03915283,0.14080161,0.02706754,0.00971975,0.04677168,0.05166935,0.06754076,0.04435144,-0.00368819,-0.06267506,0.04437561,0.10129003,-0.23990768,0.01646709,-0.04918881,0.00673034,0.04315914,-0.00175115,-0.03342077,0.06795322,0.00470296,-0.01029754,-0.09961468,-0.00607901,-0.01893285,0.06995870,0.04525142,0.00146617,-0.00263375,-0.02157183,0.08557049,0.06572748,0.01378374,0.01008660,0.03301609,0.00105642,0.02187615,0.00123549,0.02550238,0.07131150,0.06286301,-0.01212607,0.04571443,-0.02740585,-0.02895180,0.00748027,0.01762691,0.00076056,0.00212420,-0.09212281,0.00351061,0.09918703,0.00278856,0.06309944,0.11572863,0.08917716,-0.03817185,0.07077631,-0.05097421,0.02108146,-0.01028126,-0.01154812,-0.03389838,-0.03505987,-0.05225834,-0.04341512,0.03048029,0.16219166,0.04080356,0.03884266,-0.00819075,0.02067065,0.09913047,0.05917763,-0.00710050,-0.00836858,0.02762661,-0.00108694,0.04826180,0.07987639,-0.04989593,0.06686617,0.09286529,-0.02572731,0.05195464,0.08186103,0.07364688,-0.01404212,0.00812269,-0.07808279,-0.08741121,-0.03842459
2023-03-31,-0.09362783,-0.12481298,-0.10067463,-0.19906744,0.05889560,-0.26481264,-0.04208859,-0.11482656,-0.46451875,-0.09408766,-0.12327542,-0.18281434,-0.12606063,-0.16513981,-0.06533498,-0.10877515,-0.12499301,-0.13185582,-0.08914567,-0.16538180,-0.15407515,-0.11538449,-0.11549847,-0.10048555,-0.10946671,-0.15817788,-0.10925646,-0.14212076,-0.19134271,-0.02832253,-0.05644890,0.05263149,-0.20711865,-0.11370467,-0.10382985,0.04403737,-0.09583789,-0.13516825,-0.05964915,0.03205147,-0.01763764,-0.23920199,-0.10739443,-0.08267715,-0.29520866,-0.13489734,-0.02719288,-0.13195437,0.03564826,-0.17608915,-0.18976777,0.01702856,-0.15297654,-0.15302226,-0.07573686,-0.10283694,-0.07445365,-0.01056672,-0.09683028,-0.06643214,-0.08066692,-0.09397565,-0.06930742,-0.05588234,0.05866521,-0.08382648,-0.10344818,-0.12060778,-0.10916527,-0.16000375,-0.12637067,-0.15884874,-0.09784203,-0.13478947,-0.09055129,-0.13695812,-0.06540590,-0.07858779,-0.13185711,-0.08512468,-0.18205130,-0.07965075,-0.07489153,-0.12743222,-0.06755112,-0.11933589,-0.09243698,-0.19105329,-0.08581665,-0.06243271,-0.04439923,-0.18280743,-0.05501367,-0.11810376,-0.05251652,-0.15828984,-0.06683932,-0.11153362,-0.05672363,-0.10016554,-0.18347105,-0.02390652,-0.14950761,-0.27295597,-0.10036656,-0.07792203
2023-04-30,0.04520874,0.03723795,0.06597420,0.04353334,-0.05504052,-0.01398030,0.06884394,0.01927905,-0.06283319,0.04651165,0.02741106,0.11950134,0.08089393,0.09657071,0.10864881,0.06213058,-0.00334716,0.03197518,0.01087578,0.06122086,0.11966565,0.09166402,-0.00032150,0.03239201,0.00776917,0.03741489,0.01873933,-0.00515014,0.12232197,0.05941700,0.04988459,-0.07453995,0.06274039,-0.03447343,0.04368470,0.02325585,0.03114802,-0.02899579,0.02611943,-0.03461193,0.02720356,0.05965841,0.05226837,0.10987130,0.02266075,0.04384208,0.06582506,0.06943288,0.04866479,0.06057796,-0.10660751,0.06673137,-0.01401244,0.01716351,0.00718073,0.03192462,-0.04055486,0.08640781,0.08531864,-0.01955227,0.10119900,0.01133664,0.09681119,-0.01401875,0.06085322,-0.02206674,-0.00620353,-0.02213825,0.02103004,0.02874195,0.00926473,0.02661602,-0.00606994,0.03156148,0.10101032,0.08308937,0.05237152,0.06551290,0.09936479,0.01036906,-0.04449844,-0.05279718,0.05586962,0.08274339,0.08754571,0.00868220,0.02702704,0.10187316,0.05019566,0.06544195,0.02583590,-0.04127828,-0.00371595,0.07947167,0.01057111,0.04613586,-0.05511268,0.10128364,-0.03548092,0.08530795,-0.02378375,-0.00029882,0.10421057,0.13177628,0.03464077,0.01841817
2023-05-31,-0.06676058,-0.06269381,0.05771092,0.02644704,-0.02145922,0.06422031,-0.07294189,-0.07648023,-0.20357576,-0.06808505,-0.01999463,-0.23429295,-0.00732693,-0.05341519,-0.09724950,-0.07969933,0.01679253,-0.14292852,-0.03880898,-0.01391414,-0.01722475,-0.11037346,0.02237473,-0.02698367,-0.00055069,-0.06607051,0.17725757,-0.05522011,-0.25369460,-0.03795463,-0.05078218,0.00720734,-0.01624776,-0.03345072,-0.06004798,-0.02056293,-0.05724741,-0.05946142,-0.01818182,-0.03860998,-0.00071241,0.05795272,-0.09390815,-0.03935803,0.03931380,0.02924025,-0.00829906,0.06953526,0.10667795,0.02749994,-0.16137391,0.01916507,-0.07737429,0.00546101,-0.06102713,-0.14319392,-0.15769234,-0.07208821,-0.10708990,-0.02563007,-0.07752597,-0.08361007,-0.06542070,-0.14375979,0.02444283,0.05883180,-0.00932880,-0.10049708,-0.08686563,-0.06273062,-0.00148047,0.01604944,-0.00916022,-0.00563614,-0.01823422,-0.06657657,-0.06384987,-0.00220413,-0.12835335,-0.01175089,-0.02201529,-0.04440606,-0.06197242,-0.02618032,-0.04456171,-0.05385126,0.01782677,0.16896931,0.01800141,-0.07866389,0.01671859,0.03055551,-0.07554886,0.27570975,-0.08914295,-0.06713487,-0.10934747,0.01832201,-0.04566852,-0.00144929,-0.03099505,-0.06673629,0.05338417,-0.07733306,-0.13891785,0.04521277
2023-06-30,0.09924426,0.04593898,0.01683490,0.12515199,0.00575102,-0.12382450,0.06610656,-0.07390919,0.07857145,0.00253672,0.06352618,0.08013178,0.16183704,0.01347969,-0.10714304,0.14901975,-0.02725018,-0.11690502,0.05154898,0.06869100,0.16401667,-0.05503726,0.10504814,0.01328740,-0.02865011,0.10326092,-0.02556822,0.01278541,-0.14767331,-0.06930705,0.02309290,-0.03220028,0.01498519,-0.00500917,0.01121406,-0.06953026,0.00987754,-0.00765515,0.04074075,0.01070949,0.05108673,0.10032363,-0.14135741,-0.08534619,-0.08115535,0.05283669,-0.06911252,-0.01007342,-0.00342815,0.07212363,-0.09866046,-0.02266037,0.07775056,-0.00176671,0.11343088,-0.05226940,-0.01735159,-0.04077050,-0.04598652,-0.00350721,0.07270996,-0.01313107,-0.08097846,0.02767520,-0.02152044,-0.01033744,0.01950584,0.03130769,0.08597579,0.09955009,0.06081807,0.08179796,-0.07241908,-0.02833996,-0.06542066,-0.03729176,-0.04262787,-0.06511626,0.04971602,-0.05826400,0.14069259,0.11165834,-0.04016685,0.05024244,-0.10130387,0.05365046,-0.04003332,-0.10887866,0.04085350,-0.06064522,-0.01293572,-0.27223717,-0.02466377,-0.16596096,-0.08406529,0.09515223,-0.00198029,-0.08651396,0.04959403,0.18706035,0.08080800,-0.02793291,-0.07782802,0.04283225,0.05244963,0.04020353
2023-07-31,0.06278645,0.08643718,0.03807945,0.06781856,0.02118388,0.05992851,0.01969983,-0.00769231,0.33491008,-0.01720648,0.08731976,0.24847557,0.07011759,0.01030130,0.10480013,0.02531285,-0.06876059,0.11624831,0.06737518,0.03984754,0.13120059,-0.06762100,-0.03115919,0.16512868,0.04254112,0.07142858,0.08892126,0.10757589,0.40177669,0.02852776,0.03496752,-0.00184864,0.04803496,0.09290627,0.21215047,0.04513088,0.17586394,0.14616330,-0.13523136,0.05562915,0.04081614,0.03844532,0.03036145,0.10827471,-0.01646716,0.03956888,-0.01099912,0.01996376,0.01462664,0.07634948,0.17119172,-0.00324600,0.11070790,0.05840701,0.09541655,0.10957885,0.06226766,-0.03848728,0.12748174,0.02683672,0.10484819,0.03085571,0.11729151,-0.13824058,0.01147509,0.03958228,0.08035707,0.02657757,0.03411603,0.01517471,0.02860518,-0.06741584,0.01453484,-0.23500002,0.00857140,0.03459933,-0.00978295,0.02487553,-0.02345522,-0.01388892,0.06166988,0.08818330,0.05030869,0.07049943,0.06445312,0.02280272,0.04083401,0.28571429,-0.03252260,0.07472010,0.00955131,0.52962960,-0.13563211,0.09999996,0.04541422,0.06103927,0.05158729,0.02367663,0.06521132,0.08158962,0.10072682,0.11896552,0.31992145,0.18692366,0.12431559,0.05577304
2023-08-31,-0.28775633,-0.08048607,0.03278407,-0.01247116,-0.11470403,-0.07679333,0.03196877,-0.06007757,0.18143164,-0.03370364,-0.00465551,0.06837608,-0.02902373,-0.04887250,0.02257324,0.00776696,-0.00455797,-0.04260344,-0.04524900,-0.00516498,-0.11407688,-0.07495211,0.01771593,-0.02459350,-0.10663762,-0.06666667,-0.05890220,-0.04429302,0.12887332,-0.08045970,-0.00697172,0.01111122,-0.00277768,-0.11288703,-0.12171835,-0.00909104,0.02938592,-0.10308186,-0.10699583,-0.07146938,-0.01289977,0.06069206,-0.01730615,-0.06195404,-0.07382038,-0.09767435,-0.07544375,-0.03736665,0.00834599,0.01280134,-0.15544169,-0.01791103,-0.04518701,-0.01831146,-0.05971860,0.17200797,-0.12898435,-0.10233204,-0.06905957,-0.06273880,0.01035206,-0.05721576,-0.01935205,-0.04808216,-0.03351967,0.03172921,-0.02361264,-0.00638042,-0.01824183,0.00923747,0.05129247,-0.01325287,-0.05667966,-0.06999908,-0.02395759,-0.05307155,-0.00476189,-0.12731893,-0.10743642,0.09621672,-0.04557642,-0.02212575,-0.10327937,-0.00313610,-0.03344028,-0.01125537,-0.01824147,-0.09999996,0.05511810,-0.03573456,-0.05500553,0.10895884,-0.05855271,-0.23581000,0.01179519,0.00621913,0.03899363,-0.00933415,0.21919589,-0.01891310,-0.03773582,-0.03389835,-0.11375464,0.04096048,-0.03701913,0.08063018
2023-09-30,-0.05663224,-0.01140133,0.00308854,-0.03333350,-0.05444521,-0.04204758,0.00601733,-0.03195875,0.18296337,0.03891241,-0.03274086,-0.06095240,0.02694752,0.07858295,-0.00991508,0.06110654,0.01373631,-0.02070469,-0.04004733,0.01205833,0.03909615,0.10246156,0.01392614,-0.04829065,0.07917172,0.06305413,-0.11522051,-0.04099822,-0.23175883,0.03125005,0.01458149,0.00762749,0.03959392,0.05524068,-0.01766298,0.02647117,-0.06339784,-0.09044228,-0.10599083,-0.01081084,0.01228431,-0.12092325,-0.00571132,-0.01100756,-0.06327031,0.10598538,0.00751883,0.02255091,0.03987953,-0.04198481,-0.07541175,-0.00615824,0.03081545,-0.09710393,-0.01294495,-0.21037951,-0.03417092,-0.15316014,-0.02124144,0.01737547,-0.04795082,0.04757403,-0.05077270,-0.03775879,0.00684767,-0.01076375,-0.03446193,-0.00116764,0.02905708,-0.00049924,-0.14398194,-0.02442000,0.02300352,-0.04100751,-0.00870815,-0.07399797,-0.01116430,-0.05146034,-0.08005684,0.00175238,0.03043073,0.00458074,-0.01117047,0.02752657,-0.02441016,0.06786338,-0.02380942,-0.11442133,-0.01090690,-0.01201911,0.09802093,-0.05567684,-0.05944845,-0.04082114,-0.01424861,0.03682726,0.02995007,0.04120879,-0.03446797,0.00731216,-0.00098027,-0.04559863,-0.08557047,0.03165985,-0.07384929,0.20068612
2023-10-31,0.00577838,-0.05617553,-0.02685604,0.00043674,-0.07725955,-0.08053434,-0.02126715,-0.09744408,0.07860045,0.02001033,-0.03868482,-0.04279920,0.06350602,-0.17201456,-0.02145907,-0.01686143,-0.07046069,-0.06121809,-0.04887684,-0.10160516,0.05937162,-0.05763237,0.01294246,-0.04310727,-0.09996233,-0.05931413,-0.10771705,-0.01672862,0.18744850,-0.00468791,-0.00798434,-0.08000030,-0.00899508,-0.01789712,-0.06454606,-0.05586599,-0.04878590,-0.03473734,-0.12371132,0.02459029,-0.03201649,-0.08244738,-0.06653916,-0.02654117,0.03245611,-0.08156306,-0.06666669,-0.05676077,-0.06681131,-0.04159363,0.00704228,-0.02573876,-0.05314516,-0.17264154,0.00676240,-0.06713774,-0.18314251,-0.13021973,-0.03526593,-0.04988775,-0.01420585,-0.09984224,-0.03837204,-0.00253166,0.00558661,0.01658040,-0.01565440,-0.07597898,-0.04542822,-0.02347646,-0.00591333,-0.02377979,-0.24395420,-0.08430059,-0.04831643,-0.05889688,-0.03477280,0.05865105,-0.03487857,-0.06822147,0.06406176,-0.01990388,-0.09307466,-0.04860315,-0.00917431,-0.02624023,-0.09407665,0.07968113,-0.07370872,-0.01459863,0.05089060,-0.25664736,-0.23143477,-0.17073785,-0.04580418,-0.09215106,-0.07642577,-0.04881278,-0.06478637,0.03937529,-0.03631016,-0.03231194,-0.18211012,-0.04866286,0.03651542,-0.01428571
2023-11-30,0.04021702,-0.02916842,0.05660048,0.09642224,0.00947879,0.20174349,0.04391127,0.04617272,0.01222380,0.05005032,0.12273643,0.31087100,0.05204239,0.07173231,0.11929215,0.14605220,0.04178818,0.18224578,0.09615416,0.06410009,0.11762792,0.27713490,0.07718387,0.20272160,-0.03764115,0.10788180,0.24504502,0.14177684,0.22879012,0.02436052,0.02289389,0.00790515,0.10332165,-0.04236908,0.22733028,0.08058047,0.13050808,0.11246065,0.13235294,0.17733331,0.01387034,0.09127454,-0.01937340,0.11697460,0.10535267,0.01667889,0.08315562,0.19892687,0.15392362,0.07066852,-0.06013990,0.07121333,0.12431483,0.15165340,0.13626078,0.08181821,0.04840769,0.03116444,0.09716864,0.08467365,0.00873370,0.08838259,0.08841146,0.26015237,0.07560374,0.06107819,0.20545155,0.08728658,0.03712638,-0.00034107,0.15300721,0.08974355,0.16666661,0.25083393,-0.01679227,0.02512129,0.08690821,0.08323922,0.00606212,0.16145176,0.14432110,0.09665320,0.08746281,0.02172166,0.13945004,0.04631576,0.16249997,0.13123754,0.10087722,0.06809815,0.04166671,0.06687395,0.01407115,0.16823560,0.11983471,0.05253082,0.17886700,0.13057881,0.16069748,0.05756620,0.03767826,0.11801958,0.04879417,0.17603689,0.21360256,0.02807971
2023-12-31,0.09634853,0.10353231,0.06904008,0.04417028,0.22456950,0.10967192,0.04921936,0.25733649,0.14955865,0.04119762,0.05913985,0.15615900,-0.05774532,0.09032931,0.10320046,-0.03291789,-0.02611939,0.13651879,0.04506503,0.08343433,-0.11778419,0.20448673,-0.09803924,0.11822109,0.03520209,-0.04313032,0.12445729,0.08443718,0.21373013,0.04161709,0.03129922,0.02549013,0.08209355,0.10656528,0.15151511,0.03833525,0.15228946,0.09866559,0.03896104,0.04190253,0.00526179,0.04117009,0.09832630,0.04111024,0.06687161,0.05547249,0.03740163,0.07466121,0.08467729,0.05031834,0.29799109,0.07208442,0.03736455,0.15049502,0.00075726,0.32563017,0.13487245,0.10373694,0.12912526,0.09507197,0.06839826,0.09753856,0.06388877,0.25881160,0.04132057,-0.03907031,0.08639306,0.06783920,0.09274350,0.06361932,0.02464892,-0.03139215,0.05531511,0.23893326,0.08294197,0.15047290,0.06406960,0.10230170,0.02804169,0.10775869,-0.14677088,-0.00565644,0.07046800,0.09291339,0.09135680,0.10110665,0.14226638,0.03099529,0.07373861,0.02890185,-0.08416465,0.00291552,0.05396242,0.20431501,0.06888053,0.05692747,0.05453565,0.05889570,0.05968335,-0.01681006,-0.12659480,0.07518033,-0.01711227,0.11833856,0.19746063,0.08986784
2024-01-31,-0.05681490,0.00515082,0.03579209,0.04115867,0.01110544,0.03813225,0.02417864,-0.04757633,-0.15676769,-0.00552119,0.09560066,-0.02209164,0.04789775,-0.03485505,-0.01598568,0.05470458,0.04310335,-0.04404415,0.11249117,-0.00063904,0.10872432,-0.03724949,0.06119157,-0.05478041,-0.31486146,-0.00743490,0.04118410,-0.14580165,-0.00941607,-0.17908839,0.05662935,0.00191237,-0.02669039,0.01934656,-0.01052640,-0.03164563,-0.08942107,-0.01140961,-0.25000000,0.20000002,0.08296266,-0.00270559,-0.00714267,-0.00453850,-0.14048991,-0.02722276,-0.01423156,0.06277906,0.02395710,-0.02484104,-0.11665233,0.05310489,-0.02068432,-0.09810666,0.08303378,-0.00739568,-0.15364015,0.04394080,-0.04994333,0.01553169,-0.02390592,-0.10846785,0.01148827,-0.03679995,-0.03579885,0.04992290,-0.05516887,-0.03814715,0.01455967,0.02822325,0.06405593,-0.05103291,0.02643572,-0.03099433,-0.02601161,-0.05568011,-0.06390666,-0.02320190,-0.07754734,0.01848232,0.08355796,-0.01164175,-0.05512906,0.06736301,-0.00518962,0.02832347,-0.03475741,-0.07753178,-0.03711564,0.02359544,0.04801182,0.49418602,-0.04300750,-0.21627445,-0.06772534,0.04672894,-0.03789059,-0.02896875,-0.00421452,0.10563799,-0.00280892,-0.02586211,0.01468985,0.01786964,-0.03747712,0.12449475
2024-02-29,-0.06587533,0.08711584,-0.05949516,0.01500726,-0.03982306,-0.01649177,0.02441488,-0.02333944,-0.21945375,0.03238506,0.02393829,-0.08064054,0.07265475,0.10841957,-0.11793040,0.05878281,0.19742889,-0.08926706,0.04845157,-0.11462831,0.10462006,-0.03720237,0.05462826,-0.08379464,-0.36250002,0.00140443,0.09517919,-0.10277020,-0.14068455,0.00139082,0.05519896,-0.03816823,0.02725606,0.02699276,0.07446811,-0.01089321,-0.13597409,-0.04839914,-0.07666664,0.06702901,0.05944894,-0.06385637,-0.13525196,-0.05319140,0.11316010,-0.00598508,0.09047173,0.07810738,-0.00443721,-0.03790750,-0.44338089,0.05896703,-0.05318742,-0.08683212,0.02619628,-0.01117613,0.02466774,-0.02835620,-0.07453813,-0.05058827,-0.02532186,0.09486312,-0.06853991,-0.08139535,-0.00738105,-0.03970594,-0.07890582,-0.07082153,-0.01645085,-0.01793513,0.08464764,-0.04481426,0.06172298,-0.07596629,-0.06515452,-0.01602699,-0.08028816,-0.11271250,-0.04985347,-0.07879653,-0.00746277,0.02944719,-0.03175777,0.03813715,-0.04127915,0.09995559,-0.07051767,-0.02744420,-0.04735674,-0.09110874,0.07568109,0.00389099,-0.23112199,-0.28697334,-0.06543197,0.06860899,-0.04736550,-0.07143965,-0.03001163,0.13807070,0.06422539,-0.05604726,-0.03270777,-0.11187612,-0.12744541,-0.11574407
2024-03-31,-0.10311786,0.06733996,0.10351432,0.01875224,-0.00460830,0.02057935,0.09434697,-0.05550196,0.20012284,0.11270439,-0.05052795,0.22363914,0.14774846,0.11394855,0.07245276,0.20182901,0.02091484,0.13595877,0.02270444,0.18923804,0.18186716,0.00540967,0.17185691,0.13537463,0.20588243,0.19027588,-0.06320540,0.09362539,0.21826544,0.13055556,0.05885027,0.04365115,0.17958254,0.09815197,0.11749176,0.04625537,0.18265605,0.08646321,0.57039707,-0.07130725,0.07025535,0.10610796,0.07542984,0.03451030,-0.10918674,0.00773185,0.09443944,0.06673599,0.13816852,0.20141847,-0.27164096,0.03168210,0.07807741,-0.00522466,0.14465628,0.03821304,0.09320998,0.09393521,0.06229828,0.05080543,0.06159487,0.11144506,0.12638587,0.29294753,0.06917539,0.19550793,0.13934883,0.04146336,0.01427830,-0.04660348,0.03780914,0.08445042,0.11091942,-0.09278841,0.03492056,0.11120046,0.04943510,0.06425712,-0.04435239,0.11042001,0.21553896,0.17578997,-0.04208257,0.01738515,0.06931089,-0.02160653,0.16464888,0.05490789,0.13236983,0.01227422,0.08771106,-0.04651158,-0.07654071,0.10081111,0.02509900,-0.00129802,0.25810053,0.08226212,0.10035705,0.13798127,0.21439909,0.01875001,0.06430152,0.06201554,0.13952967,-0.02113821
2024-04-30,0.03827068,0.00859526,0.05312683,0.03646014,0.06977518,-0.11277079,-0.04031670,-0.01175270,-0.00127880,-0.06179595,-0.01628276,-0.09862738,0.09889808,0.10644112,-0.03562342,-0.04448968,-0.00375652,-0.01821864,0.04307689,0.02657156,0.11666654,-0.11436317,0.10215891,-0.05393900,0.08895261,0.09662214,-0.01445779,0.00091079,-0.24152156,-0.08845212,-0.01093955,-0.04128411,0.02935130,-0.03635028,-0.10720612,-0.04727147,-0.14360791,0.03997119,0.50344831,0.06046804,-0.02387034,0.02337761,0.01083043,-0.00504255,0.18131865,0.12374806,-0.00806455,0.02239538,0.02385186,0.02445993,0.04681873,0.01377246,-0.03781028,0.00735299,0.04846857,-0.03628821,-0.12442881,-0.02876196,-0.01169861,-0.07178073,0.05249999,0.00305232,-0.03248021,-0.08531471,-0.06777997,-0.03415876,0.06365905,-0.01229501,0.05109831,0.07885916,0.01237731,-0.07910993,0.14312614,0.08859710,0.01687122,-0.11320890,-0.02133343,-0.00503141,-0.05652750,0.02558026,0.26039648,0.03159441,-0.06319706,0.00241474,-0.06173927,-0.11150117,-0.06641368,0.01505012,-0.00561510,0.05966590,-0.08092038,0.23170727,-0.06204851,0.05508771,-0.06940046,0.00047102,-0.07818163,-0.07600943,-0.09999027,0.03603631,0.11912321,-0.05088603,0.19010424,-0.00802915,-0.05273810,0.06976744
2024-05-31,0.05836181,0.03711064,0.09820505,0.01502731,0.19010822,-0.07912457,0.06006024,0.00827312,0.10268893,0.03049165,0.02564577,-0.00366603,0.06791718,0.08534777,0.04233540,-0.02309588,0.04072400,0.12835052,0.03634578,0.06877064,0.06874178,-0.02951382,0.06421646,-0.02063011,0.05138339,0.14180746,-0.01222494,0.13193818,0.16012097,-0.02674218,0.01880396,0.00992089,0.04402009,0.02329191,0.05750756,-0.00552483,0.04747949,0.07538464,0.41896026,0.20689648,0.08646287,0.11553352,0.06168039,-0.02524250,0.18604651,0.00148826,-0.07139485,0.10000001,-0.00452015,0.10106320,0.33448012,0.05784546,0.01368519,0.13034411,0.06566577,-0.01769930,0.07999995,0.04248924,0.00307471,0.05932208,0.05304823,0.06974947,0.03865711,0.14373087,0.03572227,0.01592670,0.06130656,0.00889154,0.02635165,0.00311039,0.03519848,-0.02818792,0.03789122,0.13005362,0.01521992,0.01306665,0.01634868,-0.02769091,0.06562042,0.07285980,0.07934306,0.05718337,0.11054421,0.02649675,0.07452827,0.02557709,0.08240546,-0.06238594,0.00102676,-0.02927931,0.14906833,0.09240922,0.14692384,0.32898877,0.03601110,0.02683624,0.05542170,0.00531157,0.17387721,0.05219765,0.09779938,0.00377149,0.15973742,0.09394328,0.04724248,-0.00931677
2024-06-30,-0.04417931,-0.01916925,-0.14639870,-0.00207105,-0.01417563,-0.04204758,-0.03279901,-0.12769226,-0.08708784,-0.00687635,-0.09901801,0.02773845,-0.08933982,-0.05045454,-0.01835451,-0.05915479,0.02608688,-0.05960885,-0.02274872,-0.12067940,-0.04258769,-0.01431129,-0.06204933,-0.00880897,-0.11528819,-0.08719432,-0.05816837,-0.08622990,-0.08684758,0.03878106,-0.07503779,-0.02946953,-0.02088531,-0.08118368,-0.01509427,0.01342772,-0.05260213,-0.06231052,0.03663786,-0.06285716,-0.01313558,-0.19970786,-0.02894360,-0.02599998,0.10407240,-0.01794945,0.00700518,-0.05519771,0.07102380,-0.02456620,-0.14064738,0.02039384,0.10607518,-0.23247236,-0.03743755,-0.05312166,-0.08124245,-0.28406752,-0.05039593,-0.09200006,-0.06090224,-0.01404904,-0.05274886,-0.00534756,0.02597681,-0.02533938,-0.05626145,-0.01645129,-0.01593624,-0.02248066,0.01542413,0.07734797,-0.01015869,-0.07629314,0.00594359,0.05098747,-0.01608570,-0.02340712,-0.03828642,0.01952449,-0.07118915,-0.10425054,-0.07146505,0.04927930,-0.01426698,0.02341850,-0.04526762,0.00175741,-0.03768833,0.03499515,-0.02789886,-0.17522657,0.09387504,0.03876353,-0.03074877,0.00000000,-0.08767122,0.00383646,-0.07160405,-0.04892125,-0.05419441,-0.04240474,-0.08679246,-0.07812497,-0.02516948,-0.08777429
2024-07-31,0.14743589,0.04983716,0.10125588,0.03502069,0.20948610,0.06106879,0.00500953,0.01234554,0.00483339,0.04951735,0.05177112,0.08537588,0.06418361,0.11919585,0.06705339,0.03763884,-0.03460450,0.00000000,0.05819573,0.06601709,0.14424903,0.32940113,0.08962171,0.03554885,0.20632671,0.06379982,0.08409989,-0.01104973,0.09148094,0.02686722,0.06280676,0.05465554,-0.03166082,0.00908335,0.10759893,0.05811402,0.06710211,0.12787354,0.16943871,0.02134158,0.02747961,0.09397807,0.04321914,-0.01026694,0.01912568,0.02939032,0.10521735,0.00641622,0.02022180,0.04936733,0.39533335,0.04686420,0.07323456,0.00240390,0.08052435,-0.00057827,0.14044210,0.03116742,0.02582723,0.02070481,0.09861085,0.08841798,0.04136499,0.00134403,0.00744683,0.03899718,0.01442310,0.02845179,-0.02654071,-0.00436162,0.06651329,0.05427316,0.18056441,0.20391973,0.08271769,0.04889740,0.00672305,0.09187764,-0.02672611,0.11323900,0.08414332,0.02874943,0.07971420,0.05431316,0.01959477,0.07181769,0.09410938,0.04561397,0.00426439,0.07847525,-0.02735428,0.00732604,0.25343098,0.06024397,0.02641302,0.04539195,0.10860867,0.03439487,0.00793946,0.09680689,-0.02511774,0.06838568,-0.14049593,0.07005646,0.07249259,-0.04381443
2024-08-31,-0.11867036,0.00027689,0.00890947,-0.07470679,-0.05119816,-0.02338131,0.07707057,0.01509877,0.16405063,0.00879646,-0.01554412,0.02131439,-0.03999994,-0.02296883,-0.01620325,-0.01174768,0.09729338,-0.00097170,0.01283236,-0.01386695,-0.06330987,0.03276456,0.01373936,0.04813422,0.06457926,-0.11332010,-0.03151513,0.05679709,0.03719224,0.03116903,0.05878731,0.00767767,0.02161263,-0.08492698,-0.01181904,0.00310885,0.01168624,-0.01624207,-0.06222222,-0.05668392,0.03969903,-0.08965803,-0.03857140,-0.00622405,0.09919571,-0.05287246,-0.07387997,-0.03187613,0.01630441,0.00106287,0.12637365,0.00510204,-0.05818387,0.00239804,0.00373284,0.04224537,-0.02583109,-0.09022980,-0.00929783,-0.03384477,0.02190325,-0.01795214,0.01304981,0.11006728,0.08240984,0.01787305,0.05118482,-0.04009296,-0.01293904,-0.03464755,-0.01616635,-0.05352786,-0.06204315,-0.28469238,0.01649610,0.03382080,0.04764476,0.15379386,-0.06750568,0.03752260,-0.00461068,0.00920310,-0.12814608,-0.04242429,-0.04860441,-0.02125692,-0.03468896,0.08389274,0.03874726,0.01058002,0.06685103,-0.01818182,0.05775465,0.24166092,-0.00403238,-0.03771929,0.09706548,0.02726957,-0.02588151,-0.01514946,-0.01368762,0.00472198,0.06250006,0.09750089,-0.00277779,-0.05480683
2024-09-30,0.09045396,0.04615881,-0.03037788,0.07542179,0.03214691,0.01657462,0.05019588,0.17276886,0.22792515,-0.04138840,0.01666676,0.10832300,-0.01399746,-0.01685633,-0.02272720,0.01230443,0.01466668,0.05885208,0.02443430,-0.01645901,-0.00197628,0.13893721,-0.01758247,0.05980782,-0.24338234,0.23505230,0.16770965,0.09779732,0.04949291,0.07556668,0.00377897,-0.02825574,0.05085437,-0.05277283,0.01371065,0.00628967,0.10671069,-0.00453218,0.30805687,-0.00949370,0.04300650,0.02382044,0.05794947,0.02505220,-0.01463415,0.00374983,-0.02633826,0.04797742,0.03963509,-0.00731971,0.01781549,0.02357945,-0.01811908,0.18899526,0.01939173,-0.01275197,0.01522234,0.01238203,0.03415422,0.01117067,0.08795278,0.00512812,0.00392155,0.11850049,-0.00292692,0.05004391,0.02524801,0.05690070,-0.00842696,-0.01320131,0.01106336,0.03984572,-0.00376594,0.05420057,0.00134236,-0.01061006,0.05426367,0.08456651,0.06542509,-0.04181694,0.02322675,0.02324300,0.01985983,-0.01740503,0.00321394,-0.01558075,0.00136057,0.00330442,-0.00255490,0.06584362,0.00864305,-0.00555554,0.01311248,-0.09828624,0.01214592,-0.01868736,-0.02674904,0.07913660,0.00346556,0.05310329,-0.06530608,-0.01815100,0.14479635,0.04971138,0.09470756,0.06273764
2024-10-31,-0.19100099,-0.06263505,0.02622945,0.00658807,-0.01112347,0.01902168,-0.01898311,0.02829271,-0.03436057,-0.06306864,-0.01811910,-0.07621613,0.02277982,0.05767087,-0.11302751,-0.02828259,-0.00722734,-0.08452000,0.00530045,0.01949644,0.10891084,-0.09576322,0.04213275,-0.10749074,-0.44606415,-0.01180032,-0.08574491,-0.10674151,-0.30954670,-0.08414792,-0.00028957,-0.01372538,0.00813005,-0.06232294,-0.11079135,-0.02977414,-0.15334057,-0.04487805,-0.05072464,-0.06070288,-0.01541426,0.18053684,-0.11938203,-0.07535646,-0.15841584,0.06350863,-0.05584628,-0.07450629,-0.04024214,-0.03686872,-0.28193378,-0.03551420,0.04569417,-0.07746483,0.02592829,-0.10236220,-0.07151091,-0.08476629,-0.07603695,-0.04065401,-0.00271736,-0.09183665,-0.05273432,-0.14378377,0.02886508,0.09782596,-0.09762536,-0.05383732,0.01652510,0.04264213,0.00915584,-0.04449939,0.06920621,-0.09048855,-0.07104547,-0.12165188,-0.06503566,0.03118922,-0.07198389,0.07900672,-0.06312209,-0.00135782,-0.01489122,-0.03091791,-0.10160178,0.06282980,-0.07812499,0.00000000,-0.08504093,-0.02702699,-0.05184224,-0.13407822,0.10762954,-0.09369228,-0.06113978,0.00418022,-0.05054521,0.00777766,0.01841912,0.03340527,0.00611349,-0.06861702,-0.09090910,-0.07852123,-0.14350807,-0.03041145
2024-11-30,0.06621260,-0.03127051,-0.10046147,0.05098176,0.06749160,-0.00711109,0.00967528,-0.16932542,0.15480555,0.06753477,0.04964850,0.01819947,0.23268475,0.11073682,-0.01417440,-0.02338793,0.02779614,-0.02458605,-0.00789843,-0.09737055,0.03178577,0.10975603,-0.05541768,-0.02898014,-0.01842104,-0.11053276,0.12895662,-0.01886796,-0.01466486,0.03196930,-0.04461186,0.00198790,0.02880178,0.05740182,0.07571061,-0.06868910,0.00117912,0.03438883,0.08015267,0.02040822,0.05988262,-0.04889148,-0.03658812,0.03083709,-0.07205882,0.02961819,-0.02957490,0.02715811,0.16939101,-0.06482068,-0.16976200,-0.00338853,-0.04117647,-0.04034893,-0.03675237,0.04511280,0.03726715,0.00277850,0.00264529,0.01934591,-0.02520436,-0.00636704,0.00000000,0.00757573,0.07180210,-0.03874980,0.03201938,-0.03510899,-0.00557368,-0.01082598,-0.02699708,-0.01552407,0.09518626,0.13736591,-0.00852500,0.04641694,-0.00104867,-0.01881011,-0.00434380,0.04532776,-0.00167734,-0.02593492,-0.08372089,0.00697905,-0.00662262,0.02436822,0.00663241,-0.05534797,-0.02967529,-0.00992062,0.17623122,0.28602149,0.10947107,0.27862170,0.01278413,-0.01110083,0.16926511,-0.07370866,0.07309715,-0.08479102,0.05729159,0.00742430,-0.06739129,0.04111402,0.02288558,0.00553506
2024-12-31,0.00177431,0.01189263,0.04893447,-0.06260253,-0.04636469,-0.09758285,0.01266247,-0.08628570,-0.07814487,-0.03080425,0.00418583,-0.08484265,0.08439750,0.01648980,-0.04601009,0.05774398,0.05151324,-0.07275294,0.05123506,0.04555092,0.06161295,0.04106426,0.01748931,-0.06550383,0.05540659,0.06815836,0.12149529,-0.05219777,-0.04737310,-0.04460961,0.04063071,0.04960333,0.03521212,0.02095231,-0.07382751,-0.05113634,-0.02473494,0.10533245,-0.05300353,0.14999996,0.00701623,0.08228744,-0.04635758,-0.03846158,0.01109350,0.07178917,0.03142852,-0.02443483,-0.03909409,0.03220091,-0.04229294,-0.02188807,-0.04618381,0.22500003,0.06506749,-0.04616297,0.03832323,-0.02704846,-0.03150917,0.03840936,-0.02865140,0.03241613,-0.07151210,0.03007528,0.00133097,-0.00569104,-0.02307689,-0.08500794,-0.01914993,-0.02472634,-0.04321129,-0.03642290,-0.00148991,0.00546720,-0.06841342,-0.00778210,-0.02047245,0.03660872,-0.00747886,0.02868585,0.05124608,0.02034044,0.02664974,-0.00033005,-0.10102564,0.00616738,-0.08125924,-0.02941169,-0.09378679,0.01821437,0.00806768,-0.09030097,-0.03769400,0.01994686,-0.04488088,0.02104775,-0.01714289,0.00000000,-0.02633427,0.05881547,0.09531555,-0.08560091,0.02797200,-0.06082799,-0.07003894,-0.08293580
2025-01-31,0.09635152,0.08898591,0.09443198,0.10244772,-0.01196052,-0.01428573,0.06252121,0.06316452,-0.01102690,0.09641641,0.05502296,0.03124992,0.09062987,0.10758894,0.10097973,0.16906479,0.02633183,0.04661499,0.13315928,0.10976015,0.07499190,0.05888887,0.11841100,-0.00041478,0.35224385,0.20399612,-0.04814812,0.05797096,-0.11883420,-0.00907914,0.06789052,0.00378072,0.13822133,0.00186576,0.19111402,0.00479042,0.01031837,0.09529475,-0.05597015,-0.02318839,0.12321228,0.15058903,0.00173605,-0.05311917,-0.00626959,0.07691338,0.00923353,0.14714422,0.09539842,0.07301092,0.14124091,0.08062865,-0.04503674,-0.03153990,0.08542578,0.08233801,-0.07497111,0.19067000,0.00171231,0.05439515,0.03237418,0.13800649,0.03498055,-0.03527992,0.06645994,0.09893700,0.10039379,0.03086414,0.09333331,0.09601000,0.05467081,0.04229189,0.07709521,0.04152243,0.01874993,0.02450983,0.00984888,0.02788114,0.06467815,0.05123224,0.21363883,0.11188275,0.09394317,0.03664580,0.02310332,0.07530655,-0.00956176,-0.01346808,0.02101917,-0.08661410,0.06249997,-0.06250003,0.21428561,0.04302472,-0.00858557,0.10627570,0.05620158,0.03214273,0.16624593,0.15301747,0.07849302,0.06261626,-0.21995461,0.00339095,0.00376572,-0.01520603
2025-02-28,0.02455570,0.12180076,0.10072190,-0.03742467,-0.06152126,0.00000000,0.05057246,-0.12620000,-0.03693378,0.05914405,0.02884242,-0.03737373,0.12910792,0.04833485,0.00821367,0.16063346,0.04594277,-0.04453881,0.04377877,0.10864277,0.11434643,-0.08551943,0.14207653,-0.00456436,0.03631812,0.10331909,-0.01750976,0.04566209,-0.11620014,-0.06395722,0.02155512,-0.01694904,0.09424492,-0.00837995,-0.08584754,-0.01907031,0.03245201,-0.02338223,-0.16205534,-0.08308607,0.03623898,0.25776012,-0.05199302,-0.02582159,-0.04100946,0.10393748,0.08508707,-0.03713081,0.01357577,0.06723100,-0.05276622,0.01090740,-0.00481229,-0.17528738,0.12878608,0.15795584,-0.08478795,-0.01036451,-0.03488517,0.00990506,0.06968636,0.17067700,0.00000000,-0.03656999,-0.01578730,0.00967256,-0.06529525,-0.06653351,0.10235190,0.07091382,0.09939147,-0.09816758,0.10551837,0.05363078,-0.00599157,-0.00861253,-0.00212317,0.03988460,0.07254493,-0.06477478,0.16681306,0.25342459,0.04237280,0.09968147,-0.01839981,0.09812701,-0.00563159,-0.02730375,-0.01809117,0.11206882,0.03515065,0.11764706,0.00379522,0.24624997,0.04740738,0.06956519,-0.04220187,-0.00559628,-0.04452687,0.13935170,0.21688494,-0.02508752,-0.02093024,0.01216633,-0.00583572,-0.09386431
2025-03-31,-0.02417608,0.06432109,0.04778257,-0.00329493,-0.04171637,0.06078911,0.06600062,0.00404045,-0.08574529,0.01983826,-0.01075278,-0.17497372,-0.02848237,-0.07548991,-0.04669717,-0.02183239,0.05791004,0.02497227,0.09418693,0.05558606,-0.01878067,-0.07917387,0.07266740,-0.07628174,-0.15951658,0.01746718,-0.09009899,-0.04716156,-0.10365428,0.05734258,0.05235059,0.05555535,0.05283467,-0.06995300,-0.08730864,0.03658422,-0.05122236,0.01308461,0.05188679,-0.03236244,0.02016390,0.05304654,0.08775137,-0.01927707,-0.15625000,-0.06367045,-0.00843184,-0.14373353,-0.08617636,0.04934673,-0.11073601,-0.06692735,-0.07311408,-0.05691059,0.00021138,-0.09378133,-0.03406004,-0.18931980,-0.02568637,-0.00776461,0.03832951,-0.01233216,-0.01593197,-0.09554972,-0.03250317,0.04774952,-0.05693783,0.02922294,0.00335002,-0.08952628,0.05125054,0.00725693,-0.05606308,-0.03284892,0.10648127,0.10328185,-0.00194286,0.00521730,0.13599223,-0.02770460,0.01607721,-0.00417871,-0.05707499,-0.04720530,-0.01874670,-0.05334512,0.01051782,0.08269616,0.07369768,-0.03277559,0.03950102,-0.03157893,-0.07655963,-0.13306580,0.08345126,-0.03583677,-0.01149424,0.06612528,-0.13042072,0.01817819,0.02033492,-0.02573310,-0.00237534,-0.16661111,-0.09685536,-0.06143496
2025-04-30,-0.04558679,-0.01983419,-0.01698955,-0.06909093,0.04776127,-0.05882352,0.03408130,-0.02951046,0.03759400,0.00912565,-0.05318322,0.10015891,0.04793500,0.03127174,0.01851857,-0.00076181,-0.04584682,0.06497023,-0.07367573,-0.03406591,-0.00998614,-0.16683170,-0.01985080,0.05640799,0.16750530,0.10729620,0.02720348,0.04582950,0.05215526,0.04385602,0.05507607,-0.06479836,0.05316230,-0.17674679,-0.08678505,0.06916756,0.01783259,-0.03462485,0.01883407,-0.01320686,-0.00741205,0.10171538,0.04201675,0.05651106,0.03469783,-0.04794601,-0.06529747,-0.03991814,0.17090706,-0.01406305,0.18906604,-0.04374058,-0.01794663,0.03940892,-0.01098440,0.02324291,0.02146440,0.09426461,0.07727269,-0.03359331,0.04269084,0.01698138,0.04852794,0.05209846,0.01447716,0.10274455,0.01065459,0.03116348,0.03440949,0.03367270,0.05109211,0.09510081,0.05843302,0.10438021,0.05997217,0.04599319,0.09168446,-0.00000000,-0.04163639,-0.08382563,-0.00658676,0.01482243,-0.05577915,-0.00429338,-0.01476557,0.11665927,0.08742026,0.15721228,0.09408278,0.06212425,0.03880718,-0.06159423,-0.03854813,-0.02892408,0.01325544,0.05265467,-0.00532527,0.06964090,-0.03673423,0.01929675,0.02834529,0.05742738,0.22023810,0.17147446,0.11312316,0.02484471
2025-05-31,0.17615182,0.25109880,0.04325617,0.11967336,0.16904078,0.14388097,-0.00098335,0.06841748,0.06712438,0.09035714,0.12585432,-0.02919070,0.09661361,0.10343667,0.02740921,0.09535652,0.06670435,-0.00762586,0.11509148,0.10503556,0.18497224,0.08376962,0.11229947,0.02231873,0.02709365,0.18374425,0.05932202,0.07449614,0.04362954,0.05196448,0.05198855,0.09514527,0.08953429,0.07484660,0.01790362,0.05701753,0.00242566,0.12603186,-0.05457744,0.07627113,0.03986872,0.07374029,0.09209664,0.03501565,0.12810852,0.04961096,0.14740678,0.06929642,-0.03826170,0.09791930,0.17656446,0.00237219,0.12622183,0.05805689,0.08601415,0.04168259,0.25690606,0.05708357,0.06835446,0.06055433,0.06885850,0.05349339,0.04645469,0.03517224,-0.03010748,0.09423453,0.11833394,0.07991949,0.04845997,0.05189399,0.06980602,0.05000011,0.09703050,0.03037974,0.01986864,0.06108791,-0.01757819,0.00355610,0.06693604,0.09407410,0.09399387,0.13733419,0.08221676,0.04919646,0.02409649,0.01345473,0.08321063,-0.01941430,0.03136831,-0.01698120,-0.01692047,0.41698847,0.18664817,-0.12313426,0.05798961,0.08170074,0.02339183,0.01134059,0.05222986,0.10967236,0.15572795,0.00058109,-0.06926827,0.02839324,0.01257858,0.12214451
2025-06-30,0.07834091,0.02064118,-0.00248364,0.00667436,0.03786758,0.17647057,-0.01319187,0.01228974,0.11222297,0.01408459,0.05758753,0.04584701,-0.01958457,0.02992366,0.00476516,-0.01173351,-0.00900901,-0.03560178,-0.00068354,-0.01062995,-0.01228875,0.07246380,-0.01789528,0.04764165,0.10791367,-0.00037328,0.09000000,0.03044577,0.02476911,-0.05903611,0.00385449,0.06028369,0.03325121,-0.03481730,0.12580181,0.06648572,0.02419850,-0.00972668,0.19553065,0.06614174,-0.05741030,0.01462904,0.05908419,-0.01123596,0.06746831,0.00984879,-0.00475813,-0.03861640,0.01189168,-0.00289086,0.62713708,-0.00868183,0.02830185,0.16461362,-0.00376779,0.08411213,0.09890117,0.02700045,-0.00296527,0.02372345,-0.02959959,-0.00647670,0.00894633,0.03333333,-0.05676281,0.04016788,0.02110096,0.15174119,-0.01214263,0.01404391,0.01804396,-0.07477443,-0.02516200,0.06981985,0.03741935,0.03864351,-0.01689854,-0.06724145,0.08025572,0.06228835,-0.03636367,-0.00056894,0.01688240,0.03219762,-0.02496419,-0.01249517,0.06118288,0.00857139,0.02282506,0.04048198,-0.05576596,0.16621249,0.06235984,0.03247937,0.03410480,-0.03468208,0.03809523,0.04828967,0.02520045,0.00618809,0.03562213,-0.01567943,-0.02725369,0.03746098,-0.00165627,0.09368510
2025-07-31,0.07158123,0.09122208,0.00529095,0.02212104,0.05381605,-0.06153848,0.00900903,0.11693293,0.01928019,0.04748058,0.09896985,-0.05636207,0.12994352,0.10080044,-0.04268292,0.12140942,-0.04331551,-0.07120082,0.06019153,0.04900408,0.11923271,0.05469756,0.12183844,-0.09955664,0.09199134,0.19641524,0.11009174,-0.03078210,-0.15961537,0.01427294,0.02423811,0.01471328,0.15156935,-0.02483746,0.04051921,-0.06225684,-0.02478640,-0.00610564,0.05295953,-0.13441655,0.08308514,0.15262613,-0.05299861,-0.06590909,0.11013761,0.04649586,0.02948203,0.12966805,0.00752427,0.10007524,-0.05470312,0.01697945,0.03027529,0.07500003,0.08249005,0.06034478,0.28799997,0.05258128,-0.08478605,0.00864092,0.03196461,0.01449899,-0.05911324,0.05677414,-0.12929003,0.02939481,0.09433964,0.01709895,0.01506745,0.01562498,0.04856438,-0.03794042,0.03050453,0.06411479,-0.02363183,0.00835236,-0.02762927,-0.02218103,0.05610342,0.07839393,0.19903809,0.07243487,0.08190376,0.03815862,-0.04738075,-0.05338078,0.01345288,-0.02266280,0.06769229,-0.03690037,0.06635076,0.00467292,0.10515196,0.01107665,-0.05753313,0.04231539,0.12477060,-0.04510552,0.13370578,0.13565274,0.14955131,-0.11681415,0.04310347,-0.08793043,-0.07797599,-0.06970563
2025-08-31,-0.02906159,-0.00745356,-0.03219811,0.06970082,-0.05385330,-0.01639343,0.04032258,0.02059491,0.07124845,0.00481966,0.02644791,0.01508296,0.04687505,-0.02927652,-0.01755780,0.05806007,-0.12409167,-0.04061788,0.11483875,-0.04034466,0.02802230,0.02745571,0.03393936,-0.04028652,0.13875124,0.00967533,-0.03801652,-0.03261795,0.05354696,-0.03787879,-0.06771320,0.07210627,0.03605313,-0.00823704,0.03437781,-0.06327801,-0.00670327,0.00160260,0.07692315,-0.04432870,0.01955988,-0.05789846,-0.10014728,-0.05498785,0.00845547,0.02597845,0.01014371,0.00183655,-0.03179957,0.01174638,-0.14114326,0.02407735,-0.03616173,0.07513411,0.01510858,-0.08581753,-0.02778646,-0.03610354,-0.04069264,-0.03598853,-0.00655546,0.02210789,-0.03544738,-0.08180704,-0.00988435,0.04815228,0.04515593,0.00743491,0.01874998,0.01153842,0.01687193,0.02676058,-0.03094445,-0.05106763,-0.05466079,0.02635543,-0.04316170,-0.04904919,0.02573147,-0.03061474,0.02233818,0.08280256,-0.02797428,0.02071180,-0.03136723,0.01629077,-0.07700164,-0.01449280,-0.02401537,-0.06018181,-0.00923081,-0.16744188,-0.03014408,-0.13672213,-0.02124997,0.01953277,-0.09461661,-0.03905283,0.06373195,0.02181655,0.02775363,-0.06746834,0.09504127,0.02382696,-0.00764733,0.05451207
2025-09-30,0.01438112,0.10547669,0.06973763,0.04675594,0.06280667,0.05749997,-0.01328909,-0.00112106,-0.05238375,0.05248621,0.07403785,0.00059425,0.08528784,0.05327417,0.04106626,0.05487414,0.15762604,0.03816344,-0.01331027,0.04088096,0.06285195,-0.09428466,0.04876909,-0.00253637,0.07484768,-0.01452857,0.04123707,-0.01419705,-0.10116082,0.06299217,0.02136211,-0.02273722,0.00000000,0.09113146,-0.04235292,0.02557614,-0.02392634,-0.01839996,-0.14697808,-0.01071426,0.00149878,0.06904403,0.04255319,-0.00102985,0.07881502,0.10383436,0.04904215,0.02016499,0.01741727,0.08423380,0.06943305,0.00926714,0.02680222,-0.10648915,0.04446509,0.10278552,0.15015977,-0.01531217,0.05054152,-0.03838384,-0.00539893,0.05407449,-0.01248644,0.02127658,-0.07111693,0.07638896,0.00864105,0.07432792,0.07170249,0.06671282,0.01836113,-0.01783269,0.02154322,0.07582938,0.05795153,-0.05536706,-0.00760867,0.11530814,0.05306649,0.01341462,0.01694917,0.08749997,-0.01052632,0.05115746,0.04529509,0.00616523,-0.02808223,0.03550326,-0.03789369,0.02548420,0.01483788,-0.01117312,0.00078802,-0.02659899,0.00127717,0.06386176,-0.00720725,0.01255235,0.00401474,-0.02377347,0.01216716,0.03027146,0.01415104,-0.05943429,-0.01042609,0.10454985
2025-10-31,0.03999997,-0.06165139,-0.02721292,-0.04596014,0.00277008,0.01103234,-0.00589227,0.07295174,-0.02732921,-0.02216391,0.03947766,0.05316308,-0.00903738,0.06704421,0.06574394,0.07588738,0.02921720,0.10683510,0.01290330,-0.13435923,0.08520559,0.01114752,0.01184886,0.03057385,-0.11781379,-0.02415303,0.03135316,-0.00450038,-0.03788250,0.00123455,-0.03469488,-0.00362319,0.03463200,0.19843055,0.00706384,-0.14470844,0.07044660,0.08177121,0.08534627,0.01083030,-0.00538762,-0.01376518,0.05808477,-0.01340209,0.25388601,0.02717706,0.01095690,-0.11994609,0.08730741,-0.05141564,-0.01767195,0.07039624,0.05670567,0.10614526,0.01033133,0.07168459,0.06944444,0.06626795,0.09965636,0.01134452,0.00603139,0.05678838,0.06157236,0.02734376,0.11178957,-0.00297769,0.05919005,0.15603534,0.05974955,0.04666233,-0.01101836,-0.00139663,0.12231605,-0.04140969,0.00891716,0.06216006,0.03854040,-0.00178250,0.01729107,0.12394709,-0.02666668,-0.00101418,0.01329787,-0.01631321,0.08910583,0.01388886,0.01620862,-0.03267050,0.04040918,0.08349902,0.00986057,0.16384178,0.04724409,0.03170629,0.03208270,0.02259885,-0.03793061,-0.00826449,-0.05875109,-0.01240892,0.00600866,-0.19819193,0.06046506,0.01484581,0.01832339,0.03943909
